2026-10-03T14:48:17.342Z Waiting for the active frozen trajectory pass; no duplicate trajectory worker launched.
2026-10-03T15:24:50.050Z START scripts/check-longitudinal-goal-matrix.mjs --trajectories --write
{"status":"TRAJECTORIES PASS; PREFIX GATE OPEN","runs":120,"prefixes":0,"fineProbabilityContrasts":18,"fineActionContrasts":14,"coarseProbabilityContrasts":0}
2026-10-03T15:25:13.410Z START scripts/qualify-longitudinal-goal.mjs --replay
{"phase":"prefix","i":0,"prefix":0,"completed":1}
{"phase":"prefix","i":2,"prefix":0,"completed":2}
{"phase":"prefix","i":3,"prefix":0,"completed":3}
{"phase":"prefix","i":1,"prefix":0,"completed":4}
{"phase":"prefix","i":2,"prefix":1,"completed":5}
{"phase":"prefix","i":3,"prefix":1,"completed":6}
{"phase":"prefix","i":0,"prefix":1,"completed":7}
{"phase":"prefix","i":1,"prefix":1,"completed":8}
{"phase":"prefix","i":2,"prefix":2,"completed":9}
{"phase":"prefix","i":3,"prefix":2,"completed":10}
{"phase":"prefix","i":0,"prefix":2,"completed":11}
{"phase":"prefix","i":1,"prefix":2,"completed":12}
{"phase":"prefix","i":2,"prefix":3,"completed":13}
{"phase":"prefix","i":3,"prefix":3,"completed":14}
{"phase":"prefix","i":0,"prefix":3,"completed":15}
{"phase":"prefix","i":1,"prefix":3,"completed":16}
{"phase":"prefix","i":2,"prefix":4,"completed":17}
{"phase":"prefix","i":0,"prefix":4,"completed":18}
{"phase":"prefix","i":3,"prefix":4,"completed":19}
{"phase":"prefix","i":1,"prefix":4,"completed":20}
{"phase":"prefix","i":2,"prefix":5,"completed":21}
{"phase":"prefix","i":0,"prefix":5,"completed":22}
{"phase":"prefix","i":3,"prefix":5,"completed":23}
{"phase":"prefix","i":1,"prefix":5,"completed":24}
{"phase":"prefix","i":2,"prefix":6,"completed":25}
{"phase":"prefix","i":0,"prefix":6,"completed":26}
{"phase":"prefix","i":3,"prefix":6,"completed":27}
{"phase":"prefix","i":1,"prefix":6,"completed":28}
{"phase":"prefix","i":2,"prefix":7,"completed":29}
{"phase":"prefix","i":0,"prefix":7,"completed":30}
{"phase":"prefix","i":3,"prefix":7,"completed":31}
{"phase":"prefix","i":1,"prefix":7,"completed":32}
{"phase":"prefix","i":2,"prefix":8,"completed":33}
{"phase":"prefix","i":0,"prefix":8,"completed":34}
{"phase":"prefix","i":3,"prefix":8,"completed":35}
{"phase":"prefix","i":1,"prefix":8,"completed":36}
{"phase":"prefix","i":2,"prefix":9,"completed":37}
{"phase":"prefix","i":3,"prefix":9,"completed":38}
{"phase":"prefix","i":0,"prefix":9,"completed":39}
{"phase":"prefix","i":1,"prefix":9,"completed":40}
{"phase":"prefix","i":2,"prefix":10,"completed":41}
{"phase":"prefix","i":3,"prefix":10,"completed":42}
{"phase":"prefix","i":0,"prefix":10,"completed":43}
{"phase":"prefix","i":1,"prefix":10,"completed":44}
{"phase":"prefix","i":2,"prefix":11,"completed":45}
{"phase":"prefix","i":3,"prefix":11,"completed":46}
{"phase":"prefix","i":0,"prefix":11,"completed":47}
{"phase":"prefix","i":1,"prefix":11,"completed":48}
{"phase":"prefix","i":0,"prefix":12,"completed":49}
{"phase":"prefix","i":2,"prefix":12,"completed":50}
{"phase":"prefix","i":3,"prefix":12,"completed":51}
{"phase":"prefix","i":1,"prefix":12,"completed":52}
{"phase":"prefix","i":2,"prefix":13,"completed":53}
{"phase":"prefix","i":0,"prefix":13,"completed":54}
{"phase":"prefix","i":3,"prefix":13,"completed":55}
{"phase":"prefix","i":1,"prefix":13,"completed":56}
{"phase":"prefix","i":0,"prefix":14,"completed":57}
{"phase":"prefix","i":2,"prefix":14,"completed":58}
{"phase":"prefix","i":3,"prefix":14,"completed":59}
{"phase":"prefix","i":1,"prefix":14,"completed":60}
{"phase":"prefix","i":2,"prefix":15,"completed":61}
{"phase":"prefix","i":0,"prefix":15,"completed":62}
{"phase":"prefix","i":3,"prefix":15,"completed":63}
{"phase":"prefix","i":1,"prefix":15,"completed":64}
{"phase":"prefix","i":2,"prefix":16,"completed":65}
{"phase":"prefix","i":0,"prefix":16,"completed":66}
{"phase":"prefix","i":3,"prefix":16,"completed":67}
{"phase":"prefix","i":6,"prefix":0,"completed":68}
{"phase":"prefix","i":4,"prefix":0,"completed":69}
{"phase":"prefix","i":7,"prefix":0,"completed":70}
{"phase":"prefix","i":6,"prefix":1,"completed":71}
{"phase":"prefix","i":4,"prefix":1,"completed":72}
{"phase":"prefix","i":7,"prefix":1,"completed":73}
{"phase":"prefix","i":6,"prefix":2,"completed":74}
{"phase":"prefix","i":4,"prefix":2,"completed":75}
{"phase":"prefix","i":7,"prefix":2,"completed":76}
{"phase":"prefix","i":4,"prefix":3,"completed":77}
{"phase":"prefix","i":7,"prefix":3,"completed":78}
{"phase":"prefix","i":6,"prefix":3,"completed":79}
{"phase":"prefix","i":4,"prefix":4,"completed":80}
{"phase":"prefix","i":7,"prefix":4,"completed":81}
{"phase":"prefix","i":6,"prefix":4,"completed":82}
{"phase":"prefix","i":1,"prefix":16,"completed":83}
{"phase":"prefix","i":5,"prefix":0,"completed":84}
{"phase":"prefix","i":5,"prefix":1,"completed":85}
{"phase":"prefix","i":4,"prefix":5,"completed":86}
{"phase":"prefix","i":6,"prefix":5,"completed":87}
{"phase":"prefix","i":7,"prefix":5,"completed":88}
{"phase":"prefix","i":5,"prefix":2,"completed":89}
{"phase":"prefix","i":5,"prefix":3,"completed":90}
{"phase":"prefix","i":4,"prefix":6,"completed":91}
{"phase":"prefix","i":6,"prefix":6,"completed":92}
{"phase":"prefix","i":7,"prefix":6,"completed":93}
{"phase":"prefix","i":5,"prefix":4,"completed":94}
{"phase":"prefix","i":4,"prefix":7,"completed":95}
{"phase":"prefix","i":5,"prefix":5,"completed":96}
{"phase":"prefix","i":6,"prefix":7,"completed":97}
{"phase":"prefix","i":7,"prefix":7,"completed":98}
{"phase":"prefix","i":4,"prefix":8,"completed":99}
{"phase":"prefix","i":5,"prefix":6,"completed":100}
{"phase":"prefix","i":6,"prefix":8,"completed":101}
{"phase":"prefix","i":7,"prefix":8,"completed":102}
{"phase":"prefix","i":5,"prefix":7,"completed":103}
{"phase":"prefix","i":4,"prefix":9,"completed":104}
{"phase":"prefix","i":6,"prefix":9,"completed":105}
{"phase":"prefix","i":7,"prefix":9,"completed":106}
{"phase":"prefix","i":5,"prefix":8,"completed":107}
{"phase":"prefix","i":4,"prefix":10,"completed":108}
{"phase":"prefix","i":5,"prefix":9,"completed":109}
{"phase":"prefix","i":6,"prefix":10,"completed":110}
{"phase":"prefix","i":7,"prefix":10,"completed":111}
{"phase":"prefix","i":4,"prefix":11,"completed":112}
{"phase":"prefix","i":5,"prefix":10,"completed":113}
{"phase":"prefix","i":6,"prefix":11,"completed":114}
{"phase":"prefix","i":7,"prefix":11,"completed":115}
{"phase":"prefix","i":4,"prefix":12,"completed":116}
{"phase":"prefix","i":5,"prefix":11,"completed":117}
{"phase":"prefix","i":4,"prefix":13,"completed":118}
{"phase":"prefix","i":7,"prefix":12,"completed":119}
{"phase":"prefix","i":6,"prefix":12,"completed":120}
{"phase":"prefix","i":5,"prefix":12,"completed":121}
{"phase":"prefix","i":4,"prefix":14,"completed":122}
{"phase":"prefix","i":6,"prefix":13,"completed":123}
{"phase":"prefix","i":7,"prefix":13,"completed":124}
{"phase":"prefix","i":5,"prefix":13,"completed":125}
{"phase":"prefix","i":4,"prefix":15,"completed":126}
{"phase":"prefix","i":5,"prefix":14,"completed":127}
{"phase":"prefix","i":7,"prefix":14,"completed":128}
{"phase":"prefix","i":6,"prefix":14,"completed":129}
{"phase":"prefix","i":4,"prefix":16,"completed":130}
{"phase":"prefix","i":5,"prefix":15,"completed":131}
{"phase":"prefix","i":8,"prefix":0,"completed":132}
{"phase":"prefix","i":6,"prefix":15,"completed":133}
{"phase":"prefix","i":8,"prefix":1,"completed":134}
{"phase":"prefix","i":7,"prefix":15,"completed":135}
{"phase":"prefix","i":8,"prefix":2,"completed":136}
{"phase":"prefix","i":8,"prefix":3,"completed":137}
{"phase":"prefix","i":8,"prefix":4,"completed":138}
{"phase":"prefix","i":5,"prefix":16,"completed":139}
{"phase":"prefix","i":9,"prefix":0,"completed":140}
{"phase":"prefix","i":9,"prefix":1,"completed":141}
{"phase":"prefix","i":8,"prefix":5,"completed":142}
{"phase":"prefix","i":6,"prefix":16,"completed":143}
{"phase":"prefix","i":7,"prefix":16,"completed":144}
{"phase":"prefix","i":9,"prefix":2,"completed":145}
{"phase":"prefix","i":10,"prefix":0,"completed":146}
{"phase":"prefix","i":11,"prefix":0,"completed":147}
{"phase":"prefix","i":10,"prefix":1,"completed":148}
{"phase":"prefix","i":11,"prefix":1,"completed":149}
{"phase":"prefix","i":9,"prefix":3,"completed":150}
{"phase":"prefix","i":11,"prefix":2,"completed":151}
{"phase":"prefix","i":10,"prefix":2,"completed":152}
{"phase":"prefix","i":8,"prefix":6,"completed":153}
{"phase":"prefix","i":10,"prefix":3,"completed":154}
{"phase":"prefix","i":11,"prefix":3,"completed":155}
{"phase":"prefix","i":9,"prefix":4,"completed":156}
{"phase":"prefix","i":8,"prefix":7,"completed":157}
{"phase":"prefix","i":10,"prefix":4,"completed":158}
{"phase":"prefix","i":11,"prefix":4,"completed":159}
{"phase":"prefix","i":9,"prefix":5,"completed":160}
{"phase":"prefix","i":10,"prefix":5,"completed":161}
{"phase":"prefix","i":11,"prefix":5,"completed":162}
{"phase":"prefix","i":8,"prefix":8,"completed":163}
{"phase":"prefix","i":9,"prefix":6,"completed":164}
{"phase":"prefix","i":10,"prefix":6,"completed":165}
{"phase":"prefix","i":11,"prefix":6,"completed":166}
{"phase":"prefix","i":9,"prefix":7,"completed":167}
{"phase":"prefix","i":8,"prefix":9,"completed":168}
{"phase":"prefix","i":11,"prefix":7,"completed":169}
{"phase":"prefix","i":10,"prefix":7,"completed":170}
{"phase":"prefix","i":9,"prefix":8,"completed":171}
{"phase":"prefix","i":8,"prefix":10,"completed":172}
{"phase":"prefix","i":10,"prefix":8,"completed":173}
{"phase":"prefix","i":11,"prefix":8,"completed":174}
{"phase":"prefix","i":9,"prefix":9,"completed":175}
{"phase":"prefix","i":10,"prefix":9,"completed":176}
{"phase":"prefix","i":11,"prefix":9,"completed":177}
{"phase":"prefix","i":8,"prefix":11,"completed":178}
{"phase":"prefix","i":9,"prefix":10,"completed":179}
{"phase":"prefix","i":10,"prefix":10,"completed":180}
{"phase":"prefix","i":11,"prefix":10,"completed":181}
{"phase":"prefix","i":8,"prefix":12,"completed":182}
{"phase":"prefix","i":9,"prefix":11,"completed":183}
{"phase":"prefix","i":10,"prefix":11,"completed":184}
{"phase":"prefix","i":11,"prefix":11,"completed":185}
{"phase":"prefix","i":8,"prefix":13,"completed":186}
{"phase":"prefix","i":9,"prefix":12,"completed":187}
{"phase":"prefix","i":11,"prefix":12,"completed":188}
{"phase":"prefix","i":10,"prefix":12,"completed":189}
{"phase":"prefix","i":8,"prefix":14,"completed":190}
{"phase":"prefix","i":9,"prefix":13,"completed":191}
{"phase":"prefix","i":11,"prefix":13,"completed":192}
{"phase":"prefix","i":10,"prefix":13,"completed":193}
{"phase":"prefix","i":9,"prefix":14,"completed":194}
{"phase":"prefix","i":8,"prefix":15,"completed":195}
{"phase":"prefix","i":11,"prefix":14,"completed":196}
{"phase":"prefix","i":10,"prefix":14,"completed":197}
{"phase":"prefix","i":8,"prefix":16,"completed":198}
{"phase":"prefix","i":9,"prefix":15,"completed":199}
{"phase":"prefix","i":12,"prefix":0,"completed":200}
{"phase":"prefix","i":12,"prefix":1,"completed":201}
{"phase":"prefix","i":12,"prefix":2,"completed":202}
{"phase":"prefix","i":10,"prefix":15,"completed":203}
{"phase":"prefix","i":11,"prefix":15,"completed":204}
{"phase":"prefix","i":12,"prefix":3,"completed":205}
{"phase":"prefix","i":12,"prefix":4,"completed":206}
{"phase":"prefix","i":12,"prefix":5,"completed":207}
{"phase":"prefix","i":9,"prefix":16,"completed":208}
{"phase":"prefix","i":13,"prefix":0,"completed":209}
{"phase":"prefix","i":13,"prefix":1,"completed":210}
{"phase":"prefix","i":13,"prefix":2,"completed":211}
{"phase":"prefix","i":10,"prefix":16,"completed":212}
{"phase":"prefix","i":11,"prefix":16,"completed":213}
{"phase":"prefix","i":12,"prefix":6,"completed":214}
{"phase":"prefix","i":14,"prefix":0,"completed":215}
{"phase":"prefix","i":15,"prefix":0,"completed":216}
{"phase":"prefix","i":15,"prefix":1,"completed":217}
{"phase":"prefix","i":14,"prefix":1,"completed":218}
{"phase":"prefix","i":13,"prefix":3,"completed":219}
{"phase":"prefix","i":14,"prefix":2,"completed":220}
{"phase":"prefix","i":15,"prefix":2,"completed":221}
{"phase":"prefix","i":12,"prefix":7,"completed":222}
{"phase":"prefix","i":13,"prefix":4,"completed":223}
{"phase":"prefix","i":14,"prefix":3,"completed":224}
{"phase":"prefix","i":15,"prefix":3,"completed":225}
{"phase":"prefix","i":13,"prefix":5,"completed":226}
{"phase":"prefix","i":14,"prefix":4,"completed":227}
{"phase":"prefix","i":15,"prefix":4,"completed":228}
{"phase":"prefix","i":12,"prefix":8,"completed":229}
{"phase":"prefix","i":13,"prefix":6,"completed":230}
{"phase":"prefix","i":15,"prefix":5,"completed":231}
{"phase":"prefix","i":14,"prefix":5,"completed":232}
{"phase":"prefix","i":12,"prefix":9,"completed":233}
{"phase":"prefix","i":13,"prefix":7,"completed":234}
{"phase":"prefix","i":15,"prefix":6,"completed":235}
{"phase":"prefix","i":14,"prefix":6,"completed":236}
{"phase":"prefix","i":13,"prefix":8,"completed":237}
{"phase":"prefix","i":12,"prefix":10,"completed":238}
{"phase":"prefix","i":15,"prefix":7,"completed":239}
{"phase":"prefix","i":14,"prefix":7,"completed":240}
{"phase":"prefix","i":13,"prefix":9,"completed":241}
{"phase":"prefix","i":14,"prefix":8,"completed":242}
{"phase":"prefix","i":15,"prefix":8,"completed":243}
{"phase":"prefix","i":12,"prefix":11,"completed":244}
{"phase":"prefix","i":13,"prefix":10,"completed":245}
{"phase":"prefix","i":14,"prefix":9,"completed":246}
{"phase":"prefix","i":15,"prefix":9,"completed":247}
{"phase":"prefix","i":12,"prefix":12,"completed":248}
{"phase":"prefix","i":13,"prefix":11,"completed":249}
{"phase":"prefix","i":14,"prefix":10,"completed":250}
{"phase":"prefix","i":15,"prefix":10,"completed":251}
{"phase":"prefix","i":12,"prefix":13,"completed":252}
{"phase":"prefix","i":13,"prefix":12,"completed":253}
{"phase":"prefix","i":14,"prefix":11,"completed":254}
{"phase":"prefix","i":15,"prefix":11,"completed":255}
{"phase":"prefix","i":12,"prefix":14,"completed":256}
{"phase":"prefix","i":13,"prefix":13,"completed":257}
{"phase":"prefix","i":14,"prefix":12,"completed":258}
{"phase":"prefix","i":15,"prefix":12,"completed":259}
{"phase":"prefix","i":12,"prefix":15,"completed":260}
{"phase":"prefix","i":13,"prefix":14,"completed":261}
{"phase":"prefix","i":14,"prefix":13,"completed":262}
{"phase":"prefix","i":15,"prefix":13,"completed":263}
{"phase":"prefix","i":12,"prefix":16,"completed":264}
{"phase":"prefix","i":16,"prefix":0,"completed":265}
{"phase":"prefix","i":16,"prefix":1,"completed":266}
{"phase":"prefix","i":16,"prefix":2,"completed":267}
{"phase":"prefix","i":16,"prefix":3,"completed":268}
{"phase":"prefix","i":13,"prefix":15,"completed":269}
{"phase":"prefix","i":16,"prefix":4,"completed":270}
{"phase":"prefix","i":14,"prefix":14,"completed":271}
{"phase":"prefix","i":15,"prefix":14,"completed":272}
{"phase":"prefix","i":16,"prefix":5,"completed":273}
{"phase":"prefix","i":13,"prefix":16,"completed":274}
{"phase":"prefix","i":17,"prefix":0,"completed":275}
{"phase":"prefix","i":16,"prefix":6,"completed":276}
{"phase":"prefix","i":17,"prefix":1,"completed":277}
{"phase":"prefix","i":14,"prefix":15,"completed":278}
{"phase":"prefix","i":17,"prefix":2,"completed":279}
{"phase":"prefix","i":15,"prefix":15,"completed":280}
{"phase":"prefix","i":16,"prefix":7,"completed":281}
{"phase":"prefix","i":17,"prefix":3,"completed":282}
{"phase":"prefix","i":17,"prefix":4,"completed":283}
{"phase":"prefix","i":16,"prefix":8,"completed":284}
{"phase":"prefix","i":17,"prefix":5,"completed":285}
{"phase":"prefix","i":14,"prefix":16,"completed":286}
{"phase":"prefix","i":15,"prefix":16,"completed":287}
{"phase":"prefix","i":18,"prefix":0,"completed":288}
{"phase":"prefix","i":19,"prefix":0,"completed":289}
{"phase":"prefix","i":18,"prefix":1,"completed":290}
{"phase":"prefix","i":19,"prefix":1,"completed":291}
{"phase":"prefix","i":17,"prefix":6,"completed":292}
{"phase":"prefix","i":16,"prefix":9,"completed":293}
{"phase":"prefix","i":18,"prefix":2,"completed":294}
{"phase":"prefix","i":19,"prefix":2,"completed":295}
{"phase":"prefix","i":18,"prefix":3,"completed":296}
{"phase":"prefix","i":19,"prefix":3,"completed":297}
{"phase":"prefix","i":17,"prefix":7,"completed":298}
{"phase":"prefix","i":19,"prefix":4,"completed":299}
{"phase":"prefix","i":18,"prefix":4,"completed":300}
{"phase":"prefix","i":16,"prefix":10,"completed":301}
{"phase":"prefix","i":18,"prefix":5,"completed":302}
{"phase":"prefix","i":19,"prefix":5,"completed":303}
{"phase":"prefix","i":17,"prefix":8,"completed":304}
{"phase":"prefix","i":18,"prefix":6,"completed":305}
{"phase":"prefix","i":19,"prefix":6,"completed":306}
{"phase":"prefix","i":16,"prefix":11,"completed":307}
{"phase":"prefix","i":17,"prefix":9,"completed":308}
{"phase":"prefix","i":18,"prefix":7,"completed":309}
{"phase":"prefix","i":19,"prefix":7,"completed":310}
{"phase":"prefix","i":16,"prefix":12,"completed":311}
{"phase":"prefix","i":18,"prefix":8,"completed":312}
{"phase":"prefix","i":19,"prefix":8,"completed":313}
{"phase":"prefix","i":17,"prefix":10,"completed":314}
{"phase":"prefix","i":16,"prefix":13,"completed":315}
{"phase":"prefix","i":18,"prefix":9,"completed":316}
{"phase":"prefix","i":19,"prefix":9,"completed":317}
{"phase":"prefix","i":17,"prefix":11,"completed":318}
{"phase":"prefix","i":18,"prefix":10,"completed":319}
{"phase":"prefix","i":19,"prefix":10,"completed":320}
{"phase":"prefix","i":16,"prefix":14,"completed":321}
{"phase":"prefix","i":17,"prefix":12,"completed":322}
{"phase":"prefix","i":18,"prefix":11,"completed":323}
{"phase":"prefix","i":19,"prefix":11,"completed":324}
{"phase":"prefix","i":17,"prefix":13,"completed":325}
{"phase":"prefix","i":16,"prefix":15,"completed":326}
{"phase":"prefix","i":18,"prefix":12,"completed":327}
{"phase":"prefix","i":19,"prefix":12,"completed":328}
{"phase":"prefix","i":17,"prefix":14,"completed":329}
{"phase":"prefix","i":16,"prefix":16,"completed":330}
{"phase":"prefix","i":18,"prefix":13,"completed":331}
{"phase":"prefix","i":20,"prefix":0,"completed":332}
{"phase":"prefix","i":19,"prefix":13,"completed":333}
{"phase":"prefix","i":20,"prefix":1,"completed":334}
{"phase":"prefix","i":20,"prefix":2,"completed":335}
{"phase":"prefix","i":20,"prefix":3,"completed":336}
{"phase":"prefix","i":20,"prefix":4,"completed":337}
{"phase":"prefix","i":17,"prefix":15,"completed":338}
{"phase":"prefix","i":20,"prefix":5,"completed":339}
{"phase":"prefix","i":18,"prefix":14,"completed":340}
{"phase":"prefix","i":19,"prefix":14,"completed":341}
{"phase":"prefix","i":20,"prefix":6,"completed":342}
{"phase":"prefix","i":20,"prefix":7,"completed":343}
{"phase":"prefix","i":18,"prefix":15,"completed":344}
{"phase":"prefix","i":19,"prefix":15,"completed":345}
{"phase":"prefix","i":17,"prefix":16,"completed":346}
{"phase":"prefix","i":21,"prefix":0,"completed":347}
{"phase":"prefix","i":20,"prefix":8,"completed":348}
{"phase":"prefix","i":21,"prefix":1,"completed":349}
{"phase":"prefix","i":21,"prefix":2,"completed":350}
{"phase":"prefix","i":21,"prefix":3,"completed":351}
{"phase":"prefix","i":20,"prefix":9,"completed":352}
{"phase":"prefix","i":21,"prefix":4,"completed":353}
{"phase":"prefix","i":18,"prefix":16,"completed":354}
{"phase":"prefix","i":19,"prefix":16,"completed":355}
{"phase":"prefix","i":23,"prefix":0,"completed":356}
{"phase":"prefix","i":22,"prefix":0,"completed":357}
{"phase":"prefix","i":20,"prefix":10,"completed":358}
{"phase":"prefix","i":21,"prefix":5,"completed":359}
{"phase":"prefix","i":22,"prefix":1,"completed":360}
{"phase":"prefix","i":23,"prefix":1,"completed":361}
{"phase":"prefix","i":22,"prefix":2,"completed":362}
{"phase":"prefix","i":23,"prefix":2,"completed":363}
{"phase":"prefix","i":21,"prefix":6,"completed":364}
{"phase":"prefix","i":22,"prefix":3,"completed":365}
{"phase":"prefix","i":23,"prefix":3,"completed":366}
{"phase":"prefix","i":20,"prefix":11,"completed":367}
{"phase":"prefix","i":22,"prefix":4,"completed":368}
{"phase":"prefix","i":23,"prefix":4,"completed":369}
{"phase":"prefix","i":21,"prefix":7,"completed":370}
{"phase":"prefix","i":22,"prefix":5,"completed":371}
{"phase":"prefix","i":23,"prefix":5,"completed":372}
{"phase":"prefix","i":20,"prefix":12,"completed":373}
{"phase":"prefix","i":21,"prefix":8,"completed":374}
{"phase":"prefix","i":22,"prefix":6,"completed":375}
{"phase":"prefix","i":23,"prefix":6,"completed":376}
{"phase":"prefix","i":21,"prefix":9,"completed":377}
{"phase":"prefix","i":20,"prefix":13,"completed":378}
{"phase":"prefix","i":22,"prefix":7,"completed":379}
{"phase":"prefix","i":23,"prefix":7,"completed":380}
{"phase":"prefix","i":21,"prefix":10,"completed":381}
{"phase":"prefix","i":22,"prefix":8,"completed":382}
{"phase":"prefix","i":23,"prefix":8,"completed":383}
{"phase":"prefix","i":20,"prefix":14,"completed":384}
{"phase":"prefix","i":21,"prefix":11,"completed":385}
{"phase":"prefix","i":22,"prefix":9,"completed":386}
{"phase":"prefix","i":23,"prefix":9,"completed":387}
{"phase":"prefix","i":20,"prefix":15,"completed":388}
{"phase":"prefix","i":21,"prefix":12,"completed":389}
{"phase":"prefix","i":22,"prefix":10,"completed":390}
{"phase":"prefix","i":23,"prefix":10,"completed":391}
{"phase":"prefix","i":21,"prefix":13,"completed":392}
{"phase":"prefix","i":22,"prefix":11,"completed":393}
{"phase":"prefix","i":23,"prefix":11,"completed":394}
{"phase":"prefix","i":20,"prefix":16,"completed":395}
{"phase":"prefix","i":24,"prefix":0,"completed":396}
{"phase":"prefix","i":24,"prefix":1,"completed":397}
{"phase":"prefix","i":24,"prefix":2,"completed":398}
{"phase":"prefix","i":24,"prefix":3,"completed":399}
{"phase":"prefix","i":24,"prefix":4,"completed":400}
{"phase":"prefix","i":22,"prefix":12,"completed":401}
{"phase":"prefix","i":23,"prefix":12,"completed":402}
{"phase":"prefix","i":21,"prefix":14,"completed":403}
{"phase":"prefix","i":24,"prefix":5,"completed":404}
{"phase":"prefix","i":24,"prefix":6,"completed":405}
{"phase":"prefix","i":23,"prefix":13,"completed":406}
{"phase":"prefix","i":22,"prefix":13,"completed":407}
{"phase":"prefix","i":21,"prefix":15,"completed":408}
{"phase":"prefix","i":24,"prefix":7,"completed":409}
{"phase":"prefix","i":24,"prefix":8,"completed":410}
{"phase":"prefix","i":22,"prefix":14,"completed":411}
{"phase":"prefix","i":23,"prefix":14,"completed":412}
{"phase":"prefix","i":21,"prefix":16,"completed":413}
{"phase":"prefix","i":25,"prefix":0,"completed":414}
{"phase":"prefix","i":25,"prefix":1,"completed":415}
{"phase":"prefix","i":25,"prefix":2,"completed":416}
{"phase":"prefix","i":24,"prefix":9,"completed":417}
{"phase":"prefix","i":25,"prefix":3,"completed":418}
{"phase":"prefix","i":25,"prefix":4,"completed":419}
{"phase":"prefix","i":22,"prefix":15,"completed":420}
{"phase":"prefix","i":23,"prefix":15,"completed":421}
{"phase":"prefix","i":24,"prefix":10,"completed":422}
{"phase":"prefix","i":25,"prefix":5,"completed":423}
{"phase":"prefix","i":25,"prefix":6,"completed":424}
{"phase":"prefix","i":24,"prefix":11,"completed":425}
{"phase":"prefix","i":22,"prefix":16,"completed":426}
{"phase":"prefix","i":23,"prefix":16,"completed":427}
{"phase":"prefix","i":25,"prefix":7,"completed":428}
{"phase":"prefix","i":26,"prefix":0,"completed":429}
{"phase":"prefix","i":27,"prefix":0,"completed":430}
{"phase":"prefix","i":26,"prefix":1,"completed":431}
{"phase":"prefix","i":27,"prefix":1,"completed":432}
{"phase":"prefix","i":27,"prefix":2,"completed":433}
{"phase":"prefix","i":26,"prefix":2,"completed":434}
{"phase":"prefix","i":24,"prefix":12,"completed":435}
{"phase":"prefix","i":27,"prefix":3,"completed":436}
{"phase":"prefix","i":26,"prefix":3,"completed":437}
{"phase":"prefix","i":25,"prefix":8,"completed":438}
{"phase":"prefix","i":26,"prefix":4,"completed":439}
{"phase":"prefix","i":27,"prefix":4,"completed":440}
{"phase":"prefix","i":27,"prefix":5,"completed":441}
{"phase":"prefix","i":26,"prefix":5,"completed":442}
{"phase":"prefix","i":25,"prefix":9,"completed":443}
{"phase":"prefix","i":24,"prefix":13,"completed":444}
{"phase":"prefix","i":26,"prefix":6,"completed":445}
{"phase":"prefix","i":27,"prefix":6,"completed":446}
{"phase":"prefix","i":25,"prefix":10,"completed":447}
{"phase":"prefix","i":27,"prefix":7,"completed":448}
{"phase":"prefix","i":26,"prefix":7,"completed":449}
{"phase":"prefix","i":24,"prefix":14,"completed":450}
{"phase":"prefix","i":26,"prefix":8,"completed":451}
{"phase":"prefix","i":27,"prefix":8,"completed":452}
{"phase":"prefix","i":25,"prefix":11,"completed":453}
{"phase":"prefix","i":24,"prefix":15,"completed":454}
{"phase":"prefix","i":27,"prefix":9,"completed":455}
{"phase":"prefix","i":26,"prefix":9,"completed":456}
{"phase":"prefix","i":25,"prefix":12,"completed":457}
{"phase":"prefix","i":26,"prefix":10,"completed":458}
{"phase":"prefix","i":27,"prefix":10,"completed":459}
{"phase":"prefix","i":24,"prefix":16,"completed":460}
{"phase":"prefix","i":28,"prefix":0,"completed":461}
{"phase":"prefix","i":28,"prefix":1,"completed":462}
{"phase":"prefix","i":25,"prefix":13,"completed":463}
{"phase":"prefix","i":28,"prefix":2,"completed":464}
{"phase":"prefix","i":26,"prefix":11,"completed":465}
{"phase":"prefix","i":28,"prefix":3,"completed":466}
{"phase":"prefix","i":27,"prefix":11,"completed":467}
{"phase":"prefix","i":28,"prefix":4,"completed":468}
{"phase":"prefix","i":28,"prefix":5,"completed":469}
{"phase":"prefix","i":25,"prefix":14,"completed":470}
{"phase":"prefix","i":26,"prefix":12,"completed":471}
{"phase":"prefix","i":27,"prefix":12,"completed":472}
{"phase":"prefix","i":28,"prefix":6,"completed":473}
{"phase":"prefix","i":28,"prefix":7,"completed":474}
{"phase":"prefix","i":28,"prefix":8,"completed":475}
{"phase":"prefix","i":26,"prefix":13,"completed":476}
{"phase":"prefix","i":25,"prefix":15,"completed":477}
{"phase":"prefix","i":27,"prefix":13,"completed":478}
{"phase":"prefix","i":28,"prefix":9,"completed":479}
{"phase":"prefix","i":26,"prefix":14,"completed":480}
{"phase":"prefix","i":27,"prefix":14,"completed":481}
{"phase":"prefix","i":25,"prefix":16,"completed":482}
{"phase":"prefix","i":28,"prefix":10,"completed":483}
{"phase":"prefix","i":29,"prefix":0,"completed":484}
{"phase":"prefix","i":29,"prefix":1,"completed":485}
{"phase":"prefix","i":29,"prefix":2,"completed":486}
{"phase":"prefix","i":29,"prefix":3,"completed":487}
{"phase":"prefix","i":28,"prefix":11,"completed":488}
{"phase":"prefix","i":29,"prefix":4,"completed":489}
{"phase":"prefix","i":27,"prefix":15,"completed":490}
{"phase":"prefix","i":26,"prefix":15,"completed":491}
{"phase":"prefix","i":29,"prefix":5,"completed":492}
{"phase":"prefix","i":28,"prefix":12,"completed":493}
{"phase":"prefix","i":29,"prefix":6,"completed":494}
{"phase":"prefix","i":29,"prefix":7,"completed":495}
{"phase":"prefix","i":26,"prefix":16,"completed":496}
{"phase":"prefix","i":27,"prefix":16,"completed":497}
{"phase":"prefix","i":30,"prefix":0,"completed":498}
{"phase":"prefix","i":31,"prefix":0,"completed":499}
{"phase":"prefix","i":31,"prefix":1,"completed":500}
{"phase":"prefix","i":30,"prefix":1,"completed":501}
{"phase":"prefix","i":28,"prefix":13,"completed":502}
{"phase":"prefix","i":31,"prefix":2,"completed":503}
{"phase":"prefix","i":30,"prefix":2,"completed":504}
{"phase":"prefix","i":29,"prefix":8,"completed":505}
{"phase":"prefix","i":30,"prefix":3,"completed":506}
{"phase":"prefix","i":31,"prefix":3,"completed":507}
{"phase":"prefix","i":30,"prefix":4,"completed":508}
{"phase":"prefix","i":31,"prefix":4,"completed":509}
{"phase":"prefix","i":29,"prefix":9,"completed":510}
{"phase":"prefix","i":28,"prefix":14,"completed":511}
{"phase":"prefix","i":30,"prefix":5,"completed":512}
{"phase":"prefix","i":31,"prefix":5,"completed":513}
{"phase":"prefix","i":29,"prefix":10,"completed":514}
{"phase":"prefix","i":30,"prefix":6,"completed":515}
{"phase":"prefix","i":31,"prefix":6,"completed":516}
{"phase":"prefix","i":28,"prefix":15,"completed":517}
{"phase":"prefix","i":29,"prefix":11,"completed":518}
{"phase":"prefix","i":30,"prefix":7,"completed":519}
{"phase":"prefix","i":31,"prefix":7,"completed":520}
{"phase":"prefix","i":30,"prefix":8,"completed":521}
{"phase":"prefix","i":31,"prefix":8,"completed":522}
{"phase":"prefix","i":28,"prefix":16,"completed":523}
{"phase":"prefix","i":29,"prefix":12,"completed":524}
{"phase":"prefix","i":32,"prefix":0,"completed":525}
{"phase":"prefix","i":32,"prefix":1,"completed":526}
{"phase":"prefix","i":32,"prefix":2,"completed":527}
{"phase":"prefix","i":31,"prefix":9,"completed":528}
{"phase":"prefix","i":30,"prefix":9,"completed":529}
{"phase":"prefix","i":32,"prefix":3,"completed":530}
{"phase":"prefix","i":29,"prefix":13,"completed":531}
{"phase":"prefix","i":32,"prefix":4,"completed":532}
{"phase":"prefix","i":31,"prefix":10,"completed":533}
{"phase":"prefix","i":30,"prefix":10,"completed":534}
{"phase":"prefix","i":32,"prefix":5,"completed":535}
{"phase":"prefix","i":32,"prefix":6,"completed":536}
{"phase":"prefix","i":29,"prefix":14,"completed":537}
{"phase":"prefix","i":31,"prefix":11,"completed":538}
{"phase":"prefix","i":30,"prefix":11,"completed":539}
{"phase":"prefix","i":32,"prefix":7,"completed":540}
{"phase":"prefix","i":29,"prefix":15,"completed":541}
{"phase":"prefix","i":32,"prefix":8,"completed":542}
{"phase":"prefix","i":30,"prefix":12,"completed":543}
{"phase":"prefix","i":31,"prefix":12,"completed":544}
{"phase":"prefix","i":32,"prefix":9,"completed":545}
{"phase":"prefix","i":29,"prefix":16,"completed":546}
{"phase":"prefix","i":33,"prefix":0,"completed":547}
{"phase":"prefix","i":33,"prefix":1,"completed":548}
{"phase":"prefix","i":30,"prefix":13,"completed":549}
{"phase":"prefix","i":31,"prefix":13,"completed":550}
{"phase":"prefix","i":32,"prefix":10,"completed":551}
{"phase":"prefix","i":33,"prefix":2,"completed":552}
{"phase":"prefix","i":33,"prefix":3,"completed":553}
{"phase":"prefix","i":33,"prefix":4,"completed":554}
{"phase":"prefix","i":32,"prefix":11,"completed":555}
{"phase":"prefix","i":31,"prefix":14,"completed":556}
{"phase":"prefix","i":30,"prefix":14,"completed":557}
{"phase":"prefix","i":33,"prefix":5,"completed":558}
{"phase":"prefix","i":33,"prefix":6,"completed":559}
{"phase":"prefix","i":32,"prefix":12,"completed":560}
{"phase":"prefix","i":33,"prefix":7,"completed":561}
{"phase":"prefix","i":30,"prefix":15,"completed":562}
{"phase":"prefix","i":31,"prefix":15,"completed":563}
{"phase":"prefix","i":33,"prefix":8,"completed":564}
{"phase":"prefix","i":32,"prefix":13,"completed":565}
{"phase":"prefix","i":30,"prefix":16,"completed":566}
{"phase":"prefix","i":31,"prefix":16,"completed":567}
{"phase":"prefix","i":33,"prefix":9,"completed":568}
{"phase":"prefix","i":34,"prefix":0,"completed":569}
{"phase":"prefix","i":35,"prefix":0,"completed":570}
{"phase":"prefix","i":34,"prefix":1,"completed":571}
{"phase":"prefix","i":35,"prefix":1,"completed":572}
{"phase":"prefix","i":34,"prefix":2,"completed":573}
{"phase":"prefix","i":35,"prefix":2,"completed":574}
{"phase":"prefix","i":32,"prefix":14,"completed":575}
{"phase":"prefix","i":34,"prefix":3,"completed":576}
{"phase":"prefix","i":35,"prefix":3,"completed":577}
{"phase":"prefix","i":33,"prefix":10,"completed":578}
{"phase":"prefix","i":34,"prefix":4,"completed":579}
{"phase":"prefix","i":35,"prefix":4,"completed":580}
{"phase":"prefix","i":34,"prefix":5,"completed":581}
{"phase":"prefix","i":35,"prefix":5,"completed":582}
{"phase":"prefix","i":32,"prefix":15,"completed":583}
{"phase":"prefix","i":33,"prefix":11,"completed":584}
{"phase":"prefix","i":34,"prefix":6,"completed":585}
{"phase":"prefix","i":35,"prefix":6,"completed":586}
{"phase":"prefix","i":34,"prefix":7,"completed":587}
{"phase":"prefix","i":35,"prefix":7,"completed":588}
{"phase":"prefix","i":33,"prefix":12,"completed":589}
{"phase":"prefix","i":32,"prefix":16,"completed":590}
{"phase":"prefix","i":36,"prefix":0,"completed":591}
{"phase":"prefix","i":36,"prefix":1,"completed":592}
{"phase":"prefix","i":34,"prefix":8,"completed":593}
{"phase":"prefix","i":35,"prefix":8,"completed":594}
{"phase":"prefix","i":36,"prefix":2,"completed":595}
{"phase":"prefix","i":36,"prefix":3,"completed":596}
{"phase":"prefix","i":36,"prefix":4,"completed":597}
{"phase":"prefix","i":34,"prefix":9,"completed":598}
{"phase":"prefix","i":35,"prefix":9,"completed":599}
{"phase":"prefix","i":33,"prefix":13,"completed":600}
{"phase":"prefix","i":36,"prefix":5,"completed":601}
{"phase":"prefix","i":34,"prefix":10,"completed":602}
{"phase":"prefix","i":36,"prefix":6,"completed":603}
{"phase":"prefix","i":35,"prefix":10,"completed":604}
{"phase":"prefix","i":33,"prefix":14,"completed":605}
{"phase":"prefix","i":36,"prefix":7,"completed":606}
{"phase":"prefix","i":34,"prefix":11,"completed":607}
{"phase":"prefix","i":35,"prefix":11,"completed":608}
{"phase":"prefix","i":36,"prefix":8,"completed":609}
{"phase":"prefix","i":33,"prefix":15,"completed":610}
{"phase":"prefix","i":36,"prefix":9,"completed":611}
{"phase":"prefix","i":34,"prefix":12,"completed":612}
{"phase":"prefix","i":35,"prefix":12,"completed":613}
{"phase":"prefix","i":36,"prefix":10,"completed":614}
{"phase":"prefix","i":33,"prefix":16,"completed":615}
{"phase":"prefix","i":34,"prefix":13,"completed":616}
{"phase":"prefix","i":37,"prefix":0,"completed":617}
{"phase":"prefix","i":35,"prefix":13,"completed":618}
{"phase":"prefix","i":36,"prefix":11,"completed":619}
{"phase":"prefix","i":37,"prefix":1,"completed":620}
{"phase":"prefix","i":37,"prefix":2,"completed":621}
{"phase":"prefix","i":37,"prefix":3,"completed":622}
{"phase":"prefix","i":36,"prefix":12,"completed":623}
{"phase":"prefix","i":37,"prefix":4,"completed":624}
{"phase":"prefix","i":34,"prefix":14,"completed":625}
{"phase":"prefix","i":35,"prefix":14,"completed":626}
{"phase":"prefix","i":37,"prefix":5,"completed":627}
{"phase":"prefix","i":37,"prefix":6,"completed":628}
{"phase":"prefix","i":36,"prefix":13,"completed":629}
{"phase":"prefix","i":37,"prefix":7,"completed":630}
{"phase":"prefix","i":34,"prefix":15,"completed":631}
{"phase":"prefix","i":35,"prefix":15,"completed":632}
{"phase":"prefix","i":36,"prefix":14,"completed":633}
{"phase":"prefix","i":37,"prefix":8,"completed":634}
{"phase":"prefix","i":37,"prefix":9,"completed":635}
{"phase":"prefix","i":34,"prefix":16,"completed":636}
{"phase":"prefix","i":35,"prefix":16,"completed":637}
{"phase":"prefix","i":38,"prefix":0,"completed":638}
{"phase":"prefix","i":39,"prefix":0,"completed":639}
{"phase":"prefix","i":36,"prefix":15,"completed":640}
{"phase":"prefix","i":38,"prefix":1,"completed":641}
{"phase":"prefix","i":39,"prefix":1,"completed":642}
{"phase":"prefix","i":38,"prefix":2,"completed":643}
{"phase":"prefix","i":39,"prefix":2,"completed":644}
{"phase":"prefix","i":37,"prefix":10,"completed":645}
{"phase":"prefix","i":38,"prefix":3,"completed":646}
{"phase":"prefix","i":39,"prefix":3,"completed":647}
{"phase":"prefix","i":38,"prefix":4,"completed":648}
{"phase":"prefix","i":39,"prefix":4,"completed":649}
{"phase":"prefix","i":36,"prefix":16,"completed":650}
{"phase":"prefix","i":40,"prefix":0,"completed":651}
{"phase":"prefix","i":37,"prefix":11,"completed":652}
{"phase":"prefix","i":40,"prefix":1,"completed":653}
{"phase":"prefix","i":38,"prefix":5,"completed":654}
{"phase":"prefix","i":39,"prefix":5,"completed":655}
{"phase":"prefix","i":40,"prefix":2,"completed":656}
{"phase":"prefix","i":40,"prefix":3,"completed":657}
{"phase":"prefix","i":38,"prefix":6,"completed":658}
{"phase":"prefix","i":39,"prefix":6,"completed":659}
{"phase":"prefix","i":40,"prefix":4,"completed":660}
{"phase":"prefix","i":37,"prefix":12,"completed":661}
{"phase":"prefix","i":38,"prefix":7,"completed":662}
{"phase":"prefix","i":40,"prefix":5,"completed":663}
{"phase":"prefix","i":39,"prefix":7,"completed":664}
{"phase":"prefix","i":37,"prefix":13,"completed":665}
{"phase":"prefix","i":40,"prefix":6,"completed":666}
{"phase":"prefix","i":38,"prefix":8,"completed":667}
{"phase":"prefix","i":39,"prefix":8,"completed":668}
{"phase":"prefix","i":40,"prefix":7,"completed":669}
{"phase":"prefix","i":38,"prefix":9,"completed":670}
{"phase":"prefix","i":39,"prefix":9,"completed":671}
{"phase":"prefix","i":37,"prefix":14,"completed":672}
{"phase":"prefix","i":40,"prefix":8,"completed":673}
{"phase":"prefix","i":39,"prefix":10,"completed":674}
{"phase":"prefix","i":38,"prefix":10,"completed":675}
{"phase":"prefix","i":40,"prefix":9,"completed":676}
{"phase":"prefix","i":37,"prefix":15,"completed":677}
{"phase":"prefix","i":40,"prefix":10,"completed":678}
{"phase":"prefix","i":38,"prefix":11,"completed":679}
{"phase":"prefix","i":39,"prefix":11,"completed":680}
{"phase":"prefix","i":37,"prefix":16,"completed":681}
{"phase":"prefix","i":41,"prefix":0,"completed":682}
{"phase":"prefix","i":41,"prefix":1,"completed":683}
{"phase":"prefix","i":40,"prefix":11,"completed":684}
{"phase":"prefix","i":41,"prefix":2,"completed":685}
{"phase":"prefix","i":38,"prefix":12,"completed":686}
{"phase":"prefix","i":39,"prefix":12,"completed":687}
{"phase":"prefix","i":41,"prefix":3,"completed":688}
{"phase":"prefix","i":41,"prefix":4,"completed":689}
{"phase":"prefix","i":40,"prefix":12,"completed":690}
{"phase":"prefix","i":41,"prefix":5,"completed":691}
{"phase":"prefix","i":38,"prefix":13,"completed":692}
{"phase":"prefix","i":39,"prefix":13,"completed":693}
{"phase":"prefix","i":41,"prefix":6,"completed":694}
{"phase":"prefix","i":40,"prefix":13,"completed":695}
{"phase":"prefix","i":41,"prefix":7,"completed":696}
{"phase":"prefix","i":38,"prefix":14,"completed":697}
{"phase":"prefix","i":39,"prefix":14,"completed":698}
{"phase":"prefix","i":41,"prefix":8,"completed":699}
{"phase":"prefix","i":40,"prefix":14,"completed":700}
{"phase":"prefix","i":41,"prefix":9,"completed":701}
{"phase":"prefix","i":38,"prefix":15,"completed":702}
{"phase":"prefix","i":39,"prefix":15,"completed":703}
{"phase":"prefix","i":41,"prefix":10,"completed":704}
{"phase":"prefix","i":40,"prefix":15,"completed":705}
{"phase":"prefix","i":38,"prefix":16,"completed":706}
{"phase":"prefix","i":39,"prefix":16,"completed":707}
{"phase":"prefix","i":42,"prefix":0,"completed":708}
{"phase":"prefix","i":43,"prefix":0,"completed":709}
{"phase":"prefix","i":43,"prefix":1,"completed":710}
{"phase":"prefix","i":42,"prefix":1,"completed":711}
{"phase":"prefix","i":41,"prefix":11,"completed":712}
{"phase":"prefix","i":42,"prefix":2,"completed":713}
{"phase":"prefix","i":43,"prefix":2,"completed":714}
{"phase":"prefix","i":43,"prefix":3,"completed":715}
{"phase":"prefix","i":42,"prefix":3,"completed":716}
{"phase":"prefix","i":40,"prefix":16,"completed":717}
{"phase":"prefix","i":44,"prefix":0,"completed":718}
{"phase":"prefix","i":44,"prefix":1,"completed":719}
{"phase":"prefix","i":44,"prefix":2,"completed":720}
{"phase":"prefix","i":42,"prefix":4,"completed":721}
{"phase":"prefix","i":43,"prefix":4,"completed":722}
{"phase":"prefix","i":44,"prefix":3,"completed":723}
{"phase":"prefix","i":41,"prefix":12,"completed":724}
{"phase":"prefix","i":42,"prefix":5,"completed":725}
{"phase":"prefix","i":43,"prefix":5,"completed":726}
{"phase":"prefix","i":44,"prefix":4,"completed":727}
{"phase":"prefix","i":44,"prefix":5,"completed":728}
{"phase":"prefix","i":42,"prefix":6,"completed":729}
{"phase":"prefix","i":43,"prefix":6,"completed":730}
{"phase":"prefix","i":44,"prefix":6,"completed":731}
{"phase":"prefix","i":41,"prefix":13,"completed":732}
{"phase":"prefix","i":42,"prefix":7,"completed":733}
{"phase":"prefix","i":43,"prefix":7,"completed":734}
{"phase":"prefix","i":44,"prefix":7,"completed":735}
{"phase":"prefix","i":42,"prefix":8,"completed":736}
{"phase":"prefix","i":43,"prefix":8,"completed":737}
{"phase":"prefix","i":44,"prefix":8,"completed":738}
{"phase":"prefix","i":41,"prefix":14,"completed":739}
{"phase":"prefix","i":42,"prefix":9,"completed":740}
{"phase":"prefix","i":43,"prefix":9,"completed":741}
{"phase":"prefix","i":44,"prefix":9,"completed":742}
{"phase":"prefix","i":42,"prefix":10,"completed":743}
{"phase":"prefix","i":43,"prefix":10,"completed":744}
{"phase":"prefix","i":44,"prefix":10,"completed":745}
{"phase":"prefix","i":41,"prefix":15,"completed":746}
{"phase":"prefix","i":44,"prefix":11,"completed":747}
{"phase":"prefix","i":42,"prefix":11,"completed":748}
{"phase":"prefix","i":43,"prefix":11,"completed":749}
{"phase":"prefix","i":41,"prefix":16,"completed":750}
{"phase":"prefix","i":45,"prefix":0,"completed":751}
{"phase":"prefix","i":45,"prefix":1,"completed":752}
{"phase":"prefix","i":44,"prefix":12,"completed":753}
{"phase":"prefix","i":45,"prefix":2,"completed":754}
{"phase":"prefix","i":42,"prefix":12,"completed":755}
{"phase":"prefix","i":43,"prefix":12,"completed":756}
{"phase":"prefix","i":45,"prefix":3,"completed":757}
{"phase":"prefix","i":45,"prefix":4,"completed":758}
{"phase":"prefix","i":45,"prefix":5,"completed":759}
{"phase":"prefix","i":44,"prefix":13,"completed":760}
{"phase":"prefix","i":43,"prefix":13,"completed":761}
{"phase":"prefix","i":42,"prefix":13,"completed":762}
{"phase":"prefix","i":45,"prefix":6,"completed":763}
{"phase":"prefix","i":45,"prefix":7,"completed":764}
{"phase":"prefix","i":44,"prefix":14,"completed":765}
{"phase":"prefix","i":42,"prefix":14,"completed":766}
{"phase":"prefix","i":43,"prefix":14,"completed":767}
{"phase":"prefix","i":45,"prefix":8,"completed":768}
{"phase":"prefix","i":44,"prefix":15,"completed":769}
{"phase":"prefix","i":45,"prefix":9,"completed":770}
{"phase":"prefix","i":42,"prefix":15,"completed":771}
{"phase":"prefix","i":43,"prefix":15,"completed":772}
{"phase":"prefix","i":45,"prefix":10,"completed":773}
{"phase":"prefix","i":44,"prefix":16,"completed":774}
{"phase":"prefix","i":48,"prefix":0,"completed":775}
{"phase":"prefix","i":48,"prefix":1,"completed":776}
{"phase":"prefix","i":48,"prefix":2,"completed":777}
{"phase":"prefix","i":48,"prefix":3,"completed":778}
{"phase":"prefix","i":45,"prefix":11,"completed":779}
{"phase":"prefix","i":42,"prefix":16,"completed":780}
{"phase":"prefix","i":43,"prefix":16,"completed":781}
{"phase":"prefix","i":46,"prefix":0,"completed":782}
{"phase":"prefix","i":47,"prefix":0,"completed":783}
{"phase":"prefix","i":48,"prefix":4,"completed":784}
{"phase":"prefix","i":46,"prefix":1,"completed":785}
{"phase":"prefix","i":47,"prefix":1,"completed":786}
{"phase":"prefix","i":46,"prefix":2,"completed":787}
{"phase":"prefix","i":47,"prefix":2,"completed":788}
{"phase":"prefix","i":48,"prefix":5,"completed":789}
{"phase":"prefix","i":46,"prefix":3,"completed":790}
{"phase":"prefix","i":45,"prefix":12,"completed":791}
{"phase":"prefix","i":47,"prefix":3,"completed":792}
{"phase":"prefix","i":46,"prefix":4,"completed":793}
{"phase":"prefix","i":48,"prefix":6,"completed":794}
{"phase":"prefix","i":47,"prefix":4,"completed":795}
{"phase":"prefix","i":46,"prefix":5,"completed":796}
{"phase":"prefix","i":47,"prefix":5,"completed":797}
{"phase":"prefix","i":48,"prefix":7,"completed":798}
{"phase":"prefix","i":45,"prefix":13,"completed":799}
{"phase":"prefix","i":46,"prefix":6,"completed":800}
{"phase":"prefix","i":47,"prefix":6,"completed":801}
{"phase":"prefix","i":48,"prefix":8,"completed":802}
{"phase":"prefix","i":47,"prefix":7,"completed":803}
{"phase":"prefix","i":46,"prefix":7,"completed":804}
{"phase":"prefix","i":45,"prefix":14,"completed":805}
{"phase":"prefix","i":48,"prefix":9,"completed":806}
{"phase":"prefix","i":47,"prefix":8,"completed":807}
{"phase":"prefix","i":46,"prefix":8,"completed":808}
{"phase":"prefix","i":48,"prefix":10,"completed":809}
{"phase":"prefix","i":46,"prefix":9,"completed":810}
{"phase":"prefix","i":45,"prefix":15,"completed":811}
{"phase":"prefix","i":47,"prefix":9,"completed":812}
{"phase":"prefix","i":48,"prefix":11,"completed":813}
{"phase":"prefix","i":46,"prefix":10,"completed":814}
{"phase":"prefix","i":47,"prefix":10,"completed":815}
{"phase":"prefix","i":45,"prefix":16,"completed":816}
{"phase":"prefix","i":49,"prefix":0,"completed":817}
{"phase":"prefix","i":49,"prefix":1,"completed":818}
{"phase":"prefix","i":48,"prefix":12,"completed":819}
{"phase":"prefix","i":49,"prefix":2,"completed":820}
{"phase":"prefix","i":46,"prefix":11,"completed":821}
{"phase":"prefix","i":49,"prefix":3,"completed":822}
{"phase":"prefix","i":47,"prefix":11,"completed":823}
{"phase":"prefix","i":49,"prefix":4,"completed":824}
{"phase":"prefix","i":49,"prefix":5,"completed":825}
{"phase":"prefix","i":48,"prefix":13,"completed":826}
{"phase":"prefix","i":46,"prefix":12,"completed":827}
{"phase":"prefix","i":47,"prefix":12,"completed":828}
{"phase":"prefix","i":49,"prefix":6,"completed":829}
{"phase":"prefix","i":49,"prefix":7,"completed":830}
{"phase":"prefix","i":48,"prefix":14,"completed":831}
{"phase":"prefix","i":47,"prefix":13,"completed":832}
{"phase":"prefix","i":46,"prefix":13,"completed":833}
{"phase":"prefix","i":49,"prefix":8,"completed":834}
{"phase":"prefix","i":47,"prefix":14,"completed":835}
{"phase":"prefix","i":46,"prefix":14,"completed":836}
{"phase":"prefix","i":48,"prefix":15,"completed":837}
{"phase":"prefix","i":49,"prefix":9,"completed":838}
{"phase":"prefix","i":49,"prefix":10,"completed":839}
{"phase":"prefix","i":48,"prefix":16,"completed":840}
{"phase":"prefix","i":47,"prefix":15,"completed":841}
{"phase":"prefix","i":46,"prefix":15,"completed":842}
{"phase":"prefix","i":52,"prefix":0,"completed":843}
{"phase":"prefix","i":52,"prefix":1,"completed":844}
{"phase":"prefix","i":52,"prefix":2,"completed":845}
{"phase":"prefix","i":52,"prefix":3,"completed":846}
{"phase":"prefix","i":49,"prefix":11,"completed":847}
{"phase":"prefix","i":52,"prefix":4,"completed":848}
{"phase":"prefix","i":46,"prefix":16,"completed":849}
{"phase":"prefix","i":52,"prefix":5,"completed":850}
{"phase":"prefix","i":47,"prefix":16,"completed":851}
{"phase":"prefix","i":50,"prefix":0,"completed":852}
{"phase":"prefix","i":51,"prefix":0,"completed":853}
{"phase":"prefix","i":50,"prefix":1,"completed":854}
{"phase":"prefix","i":51,"prefix":1,"completed":855}
{"phase":"prefix","i":49,"prefix":12,"completed":856}
{"phase":"prefix","i":50,"prefix":2,"completed":857}
{"phase":"prefix","i":51,"prefix":2,"completed":858}
{"phase":"prefix","i":52,"prefix":6,"completed":859}
{"phase":"prefix","i":50,"prefix":3,"completed":860}
{"phase":"prefix","i":51,"prefix":3,"completed":861}
{"phase":"prefix","i":52,"prefix":7,"completed":862}
{"phase":"prefix","i":50,"prefix":4,"completed":863}
{"phase":"prefix","i":51,"prefix":4,"completed":864}
{"phase":"prefix","i":52,"prefix":8,"completed":865}
{"phase":"prefix","i":49,"prefix":13,"completed":866}
{"phase":"prefix","i":51,"prefix":5,"completed":867}
{"phase":"prefix","i":50,"prefix":5,"completed":868}
{"phase":"prefix","i":50,"prefix":6,"completed":869}
{"phase":"prefix","i":51,"prefix":6,"completed":870}
{"phase":"prefix","i":52,"prefix":9,"completed":871}
{"phase":"prefix","i":50,"prefix":7,"completed":872}
{"phase":"prefix","i":51,"prefix":7,"completed":873}
{"phase":"prefix","i":49,"prefix":14,"completed":874}
{"phase":"prefix","i":52,"prefix":10,"completed":875}
{"phase":"prefix","i":51,"prefix":8,"completed":876}
{"phase":"prefix","i":50,"prefix":8,"completed":877}
{"phase":"prefix","i":52,"prefix":11,"completed":878}
{"phase":"prefix","i":49,"prefix":15,"completed":879}
{"phase":"prefix","i":51,"prefix":9,"completed":880}
{"phase":"prefix","i":50,"prefix":9,"completed":881}
{"phase":"prefix","i":52,"prefix":12,"completed":882}
{"phase":"prefix","i":50,"prefix":10,"completed":883}
{"phase":"prefix","i":51,"prefix":10,"completed":884}
{"phase":"prefix","i":49,"prefix":16,"completed":885}
{"phase":"prefix","i":53,"prefix":0,"completed":886}
{"phase":"prefix","i":52,"prefix":13,"completed":887}
{"phase":"prefix","i":53,"prefix":1,"completed":888}
{"phase":"prefix","i":53,"prefix":2,"completed":889}
{"phase":"prefix","i":50,"prefix":11,"completed":890}
{"phase":"prefix","i":51,"prefix":11,"completed":891}
{"phase":"prefix","i":53,"prefix":3,"completed":892}
{"phase":"prefix","i":53,"prefix":4,"completed":893}
{"phase":"prefix","i":52,"prefix":14,"completed":894}
{"phase":"prefix","i":53,"prefix":5,"completed":895}
{"phase":"prefix","i":50,"prefix":12,"completed":896}
{"phase":"prefix","i":51,"prefix":12,"completed":897}
{"phase":"prefix","i":53,"prefix":6,"completed":898}
{"phase":"prefix","i":52,"prefix":15,"completed":899}
{"phase":"prefix","i":53,"prefix":7,"completed":900}
{"phase":"prefix","i":51,"prefix":13,"completed":901}
{"phase":"prefix","i":50,"prefix":13,"completed":902}
{"phase":"prefix","i":53,"prefix":8,"completed":903}
{"phase":"prefix","i":52,"prefix":16,"completed":904}
{"phase":"prefix","i":56,"prefix":0,"completed":905}
{"phase":"prefix","i":53,"prefix":9,"completed":906}
{"phase":"prefix","i":56,"prefix":1,"completed":907}
{"phase":"prefix","i":51,"prefix":14,"completed":908}
{"phase":"prefix","i":50,"prefix":14,"completed":909}
{"phase":"prefix","i":56,"prefix":2,"completed":910}
{"phase":"prefix","i":56,"prefix":3,"completed":911}
{"phase":"prefix","i":53,"prefix":10,"completed":912}
{"phase":"prefix","i":56,"prefix":4,"completed":913}
{"phase":"prefix","i":56,"prefix":5,"completed":914}
{"phase":"prefix","i":50,"prefix":15,"completed":915}
{"phase":"prefix","i":51,"prefix":15,"completed":916}
{"phase":"prefix","i":53,"prefix":11,"completed":917}
{"phase":"prefix","i":56,"prefix":6,"completed":918}
{"phase":"prefix","i":56,"prefix":7,"completed":919}
{"phase":"prefix","i":53,"prefix":12,"completed":920}
{"phase":"prefix","i":50,"prefix":16,"completed":921}
{"phase":"prefix","i":51,"prefix":16,"completed":922}
{"phase":"prefix","i":54,"prefix":0,"completed":923}
{"phase":"prefix","i":55,"prefix":0,"completed":924}
{"phase":"prefix","i":56,"prefix":8,"completed":925}
{"phase":"prefix","i":54,"prefix":1,"completed":926}
{"phase":"prefix","i":55,"prefix":1,"completed":927}
{"phase":"prefix","i":54,"prefix":2,"completed":928}
{"phase":"prefix","i":55,"prefix":2,"completed":929}
{"phase":"prefix","i":55,"prefix":3,"completed":930}
{"phase":"prefix","i":54,"prefix":3,"completed":931}
{"phase":"prefix","i":53,"prefix":13,"completed":932}
{"phase":"prefix","i":56,"prefix":9,"completed":933}
{"phase":"prefix","i":54,"prefix":4,"completed":934}
{"phase":"prefix","i":55,"prefix":4,"completed":935}
{"phase":"prefix","i":54,"prefix":5,"completed":936}
{"phase":"prefix","i":55,"prefix":5,"completed":937}
{"phase":"prefix","i":56,"prefix":10,"completed":938}
{"phase":"prefix","i":53,"prefix":14,"completed":939}
{"phase":"prefix","i":54,"prefix":6,"completed":940}
{"phase":"prefix","i":55,"prefix":6,"completed":941}
{"phase":"prefix","i":55,"prefix":7,"completed":942}
{"phase":"prefix","i":54,"prefix":7,"completed":943}
{"phase":"prefix","i":56,"prefix":11,"completed":944}
{"phase":"prefix","i":53,"prefix":15,"completed":945}
{"phase":"prefix","i":54,"prefix":8,"completed":946}
{"phase":"prefix","i":55,"prefix":8,"completed":947}
{"phase":"prefix","i":56,"prefix":12,"completed":948}
{"phase":"prefix","i":54,"prefix":9,"completed":949}
{"phase":"prefix","i":55,"prefix":9,"completed":950}
{"phase":"prefix","i":53,"prefix":16,"completed":951}
{"phase":"prefix","i":57,"prefix":0,"completed":952}
{"phase":"prefix","i":57,"prefix":1,"completed":953}
{"phase":"prefix","i":57,"prefix":2,"completed":954}
{"phase":"prefix","i":56,"prefix":13,"completed":955}
{"phase":"prefix","i":57,"prefix":3,"completed":956}
{"phase":"prefix","i":54,"prefix":10,"completed":957}
{"phase":"prefix","i":55,"prefix":10,"completed":958}
{"phase":"prefix","i":57,"prefix":4,"completed":959}
{"phase":"prefix","i":57,"prefix":5,"completed":960}
{"phase":"prefix","i":56,"prefix":14,"completed":961}
{"phase":"prefix","i":54,"prefix":11,"completed":962}
{"phase":"prefix","i":55,"prefix":11,"completed":963}
{"phase":"prefix","i":57,"prefix":6,"completed":964}
{"phase":"prefix","i":57,"prefix":7,"completed":965}
{"phase":"prefix","i":55,"prefix":12,"completed":966}
{"phase":"prefix","i":54,"prefix":12,"completed":967}
{"phase":"prefix","i":56,"prefix":15,"completed":968}
{"phase":"prefix","i":57,"prefix":8,"completed":969}
{"phase":"prefix","i":54,"prefix":13,"completed":970}
{"phase":"prefix","i":55,"prefix":13,"completed":971}
{"phase":"prefix","i":57,"prefix":9,"completed":972}
{"phase":"prefix","i":56,"prefix":16,"completed":973}
{"phase":"prefix","i":60,"prefix":0,"completed":974}
{"phase":"prefix","i":60,"prefix":1,"completed":975}
{"phase":"prefix","i":60,"prefix":2,"completed":976}
{"phase":"prefix","i":60,"prefix":3,"completed":977}
{"phase":"prefix","i":54,"prefix":14,"completed":978}
{"phase":"prefix","i":57,"prefix":10,"completed":979}
{"phase":"prefix","i":55,"prefix":14,"completed":980}
{"phase":"prefix","i":60,"prefix":4,"completed":981}
{"phase":"prefix","i":60,"prefix":5,"completed":982}
{"phase":"prefix","i":57,"prefix":11,"completed":983}
{"phase":"prefix","i":60,"prefix":6,"completed":984}
{"phase":"prefix","i":54,"prefix":15,"completed":985}
{"phase":"prefix","i":55,"prefix":15,"completed":986}
{"phase":"prefix","i":60,"prefix":7,"completed":987}
{"phase":"prefix","i":60,"prefix":8,"completed":988}
{"phase":"prefix","i":57,"prefix":12,"completed":989}
{"phase":"prefix","i":54,"prefix":16,"completed":990}
{"phase":"prefix","i":55,"prefix":16,"completed":991}
{"phase":"prefix","i":60,"prefix":9,"completed":992}
{"phase":"prefix","i":58,"prefix":0,"completed":993}
{"phase":"prefix","i":59,"prefix":0,"completed":994}
{"phase":"prefix","i":58,"prefix":1,"completed":995}
{"phase":"prefix","i":59,"prefix":1,"completed":996}
{"phase":"prefix","i":58,"prefix":2,"completed":997}
{"phase":"prefix","i":59,"prefix":2,"completed":998}
{"phase":"prefix","i":57,"prefix":13,"completed":999}
{"phase":"prefix","i":58,"prefix":3,"completed":1000}
{"phase":"prefix","i":59,"prefix":3,"completed":1001}
{"phase":"prefix","i":60,"prefix":10,"completed":1002}
{"phase":"prefix","i":58,"prefix":4,"completed":1003}
{"phase":"prefix","i":59,"prefix":4,"completed":1004}
{"phase":"prefix","i":58,"prefix":5,"completed":1005}
{"phase":"prefix","i":59,"prefix":5,"completed":1006}
{"phase":"prefix","i":60,"prefix":11,"completed":1007}
{"phase":"prefix","i":57,"prefix":14,"completed":1008}
{"phase":"prefix","i":58,"prefix":6,"completed":1009}
{"phase":"prefix","i":59,"prefix":6,"completed":1010}
{"phase":"prefix","i":60,"prefix":12,"completed":1011}
{"phase":"prefix","i":59,"prefix":7,"completed":1012}
{"phase":"prefix","i":58,"prefix":7,"completed":1013}
{"phase":"prefix","i":57,"prefix":15,"completed":1014}
{"phase":"prefix","i":58,"prefix":8,"completed":1015}
{"phase":"prefix","i":59,"prefix":8,"completed":1016}
{"phase":"prefix","i":60,"prefix":13,"completed":1017}
{"phase":"prefix","i":58,"prefix":9,"completed":1018}
{"phase":"prefix","i":59,"prefix":9,"completed":1019}
{"phase":"prefix","i":57,"prefix":16,"completed":1020}
{"phase":"prefix","i":60,"prefix":14,"completed":1021}
{"phase":"prefix","i":61,"prefix":0,"completed":1022}
{"phase":"prefix","i":61,"prefix":1,"completed":1023}
{"phase":"prefix","i":61,"prefix":2,"completed":1024}
{"phase":"prefix","i":58,"prefix":10,"completed":1025}
{"phase":"prefix","i":59,"prefix":10,"completed":1026}
{"phase":"prefix","i":61,"prefix":3,"completed":1027}
{"phase":"prefix","i":61,"prefix":4,"completed":1028}
{"phase":"prefix","i":60,"prefix":15,"completed":1029}
{"phase":"prefix","i":61,"prefix":5,"completed":1030}
{"phase":"prefix","i":58,"prefix":11,"completed":1031}
{"phase":"prefix","i":59,"prefix":11,"completed":1032}
{"phase":"prefix","i":61,"prefix":6,"completed":1033}
{"phase":"prefix","i":60,"prefix":16,"completed":1034}
{"phase":"prefix","i":64,"prefix":0,"completed":1035}
{"phase":"prefix","i":64,"prefix":1,"completed":1036}
{"phase":"prefix","i":61,"prefix":7,"completed":1037}
{"phase":"prefix","i":58,"prefix":12,"completed":1038}
{"phase":"prefix","i":59,"prefix":12,"completed":1039}
{"phase":"prefix","i":64,"prefix":2,"completed":1040}
{"phase":"prefix","i":64,"prefix":3,"completed":1041}
{"phase":"prefix","i":61,"prefix":8,"completed":1042}
{"phase":"prefix","i":64,"prefix":4,"completed":1043}
{"phase":"prefix","i":58,"prefix":13,"completed":1044}
{"phase":"prefix","i":59,"prefix":13,"completed":1045}
{"phase":"prefix","i":64,"prefix":5,"completed":1046}
{"phase":"prefix","i":61,"prefix":9,"completed":1047}
{"phase":"prefix","i":64,"prefix":6,"completed":1048}
{"phase":"prefix","i":61,"prefix":10,"completed":1049}
{"phase":"prefix","i":64,"prefix":7,"completed":1050}
{"phase":"prefix","i":58,"prefix":14,"completed":1051}
{"phase":"prefix","i":59,"prefix":14,"completed":1052}
{"phase":"prefix","i":61,"prefix":11,"completed":1053}
{"phase":"prefix","i":64,"prefix":8,"completed":1054}
{"phase":"prefix","i":58,"prefix":15,"completed":1055}
{"phase":"prefix","i":59,"prefix":15,"completed":1056}
{"phase":"prefix","i":64,"prefix":9,"completed":1057}
{"phase":"prefix","i":61,"prefix":12,"completed":1058}
{"phase":"prefix","i":64,"prefix":10,"completed":1059}
{"phase":"prefix","i":61,"prefix":13,"completed":1060}
{"phase":"prefix","i":58,"prefix":16,"completed":1061}
{"phase":"prefix","i":59,"prefix":16,"completed":1062}
{"phase":"prefix","i":62,"prefix":0,"completed":1063}
{"phase":"prefix","i":63,"prefix":0,"completed":1064}
{"phase":"prefix","i":63,"prefix":1,"completed":1065}
{"phase":"prefix","i":62,"prefix":1,"completed":1066}
{"phase":"prefix","i":64,"prefix":11,"completed":1067}
{"phase":"prefix","i":62,"prefix":2,"completed":1068}
{"phase":"prefix","i":63,"prefix":2,"completed":1069}
{"phase":"prefix","i":62,"prefix":3,"completed":1070}
{"phase":"prefix","i":63,"prefix":3,"completed":1071}
{"phase":"prefix","i":61,"prefix":14,"completed":1072}
{"phase":"prefix","i":62,"prefix":4,"completed":1073}
{"phase":"prefix","i":63,"prefix":4,"completed":1074}
{"phase":"prefix","i":64,"prefix":12,"completed":1075}
{"phase":"prefix","i":62,"prefix":5,"completed":1076}
{"phase":"prefix","i":63,"prefix":5,"completed":1077}
{"phase":"prefix","i":61,"prefix":15,"completed":1078}
{"phase":"prefix","i":63,"prefix":6,"completed":1079}
{"phase":"prefix","i":62,"prefix":6,"completed":1080}
{"phase":"prefix","i":64,"prefix":13,"completed":1081}
{"phase":"prefix","i":62,"prefix":7,"completed":1082}
{"phase":"prefix","i":63,"prefix":7,"completed":1083}
{"phase":"prefix","i":61,"prefix":16,"completed":1084}
{"phase":"prefix","i":65,"prefix":0,"completed":1085}
{"phase":"prefix","i":62,"prefix":8,"completed":1086}
{"phase":"prefix","i":63,"prefix":8,"completed":1087}
{"phase":"prefix","i":65,"prefix":1,"completed":1088}
{"phase":"prefix","i":64,"prefix":14,"completed":1089}
{"phase":"prefix","i":65,"prefix":2,"completed":1090}
{"phase":"prefix","i":65,"prefix":3,"completed":1091}
{"phase":"prefix","i":62,"prefix":9,"completed":1092}
{"phase":"prefix","i":63,"prefix":9,"completed":1093}
{"phase":"prefix","i":65,"prefix":4,"completed":1094}
{"phase":"prefix","i":64,"prefix":15,"completed":1095}
{"phase":"prefix","i":65,"prefix":5,"completed":1096}
{"phase":"prefix","i":62,"prefix":10,"completed":1097}
{"phase":"prefix","i":63,"prefix":10,"completed":1098}
{"phase":"prefix","i":65,"prefix":6,"completed":1099}
{"phase":"prefix","i":65,"prefix":7,"completed":1100}
{"phase":"prefix","i":62,"prefix":11,"completed":1101}
{"phase":"prefix","i":63,"prefix":11,"completed":1102}
{"phase":"prefix","i":64,"prefix":16,"completed":1103}
{"phase":"prefix","i":68,"prefix":0,"completed":1104}
{"phase":"prefix","i":68,"prefix":1,"completed":1105}
{"phase":"prefix","i":68,"prefix":2,"completed":1106}
{"phase":"prefix","i":68,"prefix":3,"completed":1107}
{"phase":"prefix","i":65,"prefix":8,"completed":1108}
{"phase":"prefix","i":68,"prefix":4,"completed":1109}
{"phase":"prefix","i":62,"prefix":12,"completed":1110}
{"phase":"prefix","i":63,"prefix":12,"completed":1111}
{"phase":"prefix","i":68,"prefix":5,"completed":1112}
{"phase":"prefix","i":65,"prefix":9,"completed":1113}
{"phase":"prefix","i":68,"prefix":6,"completed":1114}
{"phase":"prefix","i":62,"prefix":13,"completed":1115}
{"phase":"prefix","i":63,"prefix":13,"completed":1116}
{"phase":"prefix","i":65,"prefix":10,"completed":1117}
{"phase":"prefix","i":68,"prefix":7,"completed":1118}
{"phase":"prefix","i":68,"prefix":8,"completed":1119}
{"phase":"prefix","i":65,"prefix":11,"completed":1120}
{"phase":"prefix","i":63,"prefix":14,"completed":1121}
{"phase":"prefix","i":62,"prefix":14,"completed":1122}
{"phase":"prefix","i":68,"prefix":9,"completed":1123}
{"phase":"prefix","i":68,"prefix":10,"completed":1124}
{"phase":"prefix","i":65,"prefix":12,"completed":1125}
{"phase":"prefix","i":62,"prefix":15,"completed":1126}
{"phase":"prefix","i":63,"prefix":15,"completed":1127}
{"phase":"prefix","i":68,"prefix":11,"completed":1128}
{"phase":"prefix","i":65,"prefix":13,"completed":1129}
{"phase":"prefix","i":68,"prefix":12,"completed":1130}
{"phase":"prefix","i":62,"prefix":16,"completed":1131}
{"phase":"prefix","i":63,"prefix":16,"completed":1132}
{"phase":"prefix","i":66,"prefix":0,"completed":1133}
{"phase":"prefix","i":67,"prefix":0,"completed":1134}
{"phase":"prefix","i":67,"prefix":1,"completed":1135}
{"phase":"prefix","i":66,"prefix":1,"completed":1136}
{"phase":"prefix","i":65,"prefix":14,"completed":1137}
{"phase":"prefix","i":67,"prefix":2,"completed":1138}
{"phase":"prefix","i":66,"prefix":2,"completed":1139}
{"phase":"prefix","i":66,"prefix":3,"completed":1140}
{"phase":"prefix","i":67,"prefix":3,"completed":1141}
{"phase":"prefix","i":68,"prefix":13,"completed":1142}
{"phase":"prefix","i":66,"prefix":4,"completed":1143}
{"phase":"prefix","i":67,"prefix":4,"completed":1144}
{"phase":"prefix","i":66,"prefix":5,"completed":1145}
{"phase":"prefix","i":67,"prefix":5,"completed":1146}
{"phase":"prefix","i":65,"prefix":15,"completed":1147}
{"phase":"prefix","i":68,"prefix":14,"completed":1148}
{"phase":"prefix","i":66,"prefix":6,"completed":1149}
{"phase":"prefix","i":67,"prefix":6,"completed":1150}
{"phase":"prefix","i":66,"prefix":7,"completed":1151}
{"phase":"prefix","i":67,"prefix":7,"completed":1152}
{"phase":"prefix","i":68,"prefix":15,"completed":1153}
{"phase":"prefix","i":65,"prefix":16,"completed":1154}
{"phase":"prefix","i":69,"prefix":0,"completed":1155}
{"phase":"prefix","i":66,"prefix":8,"completed":1156}
{"phase":"prefix","i":67,"prefix":8,"completed":1157}
{"phase":"prefix","i":69,"prefix":1,"completed":1158}
{"phase":"prefix","i":69,"prefix":2,"completed":1159}
{"phase":"prefix","i":69,"prefix":3,"completed":1160}
{"phase":"prefix","i":67,"prefix":9,"completed":1161}
{"phase":"prefix","i":66,"prefix":9,"completed":1162}
{"phase":"prefix","i":68,"prefix":16,"completed":1163}
{"phase":"prefix","i":69,"prefix":4,"completed":1164}
{"phase":"prefix","i":72,"prefix":0,"completed":1165}
{"phase":"prefix","i":72,"prefix":1,"completed":1166}
{"phase":"prefix","i":72,"prefix":2,"completed":1167}
{"phase":"prefix","i":69,"prefix":5,"completed":1168}
{"phase":"prefix","i":72,"prefix":3,"completed":1169}
{"phase":"prefix","i":69,"prefix":6,"completed":1170}
{"phase":"prefix","i":66,"prefix":10,"completed":1171}
{"phase":"prefix","i":67,"prefix":10,"completed":1172}
{"phase":"prefix","i":72,"prefix":4,"completed":1173}
{"phase":"prefix","i":69,"prefix":7,"completed":1174}
{"phase":"prefix","i":72,"prefix":5,"completed":1175}
{"phase":"prefix","i":66,"prefix":11,"completed":1176}
{"phase":"prefix","i":67,"prefix":11,"completed":1177}
{"phase":"prefix","i":72,"prefix":6,"completed":1178}
{"phase":"prefix","i":69,"prefix":8,"completed":1179}
{"phase":"prefix","i":72,"prefix":7,"completed":1180}
{"phase":"prefix","i":69,"prefix":9,"completed":1181}
{"phase":"prefix","i":66,"prefix":12,"completed":1182}
{"phase":"prefix","i":67,"prefix":12,"completed":1183}
{"phase":"prefix","i":72,"prefix":8,"completed":1184}
{"phase":"prefix","i":69,"prefix":10,"completed":1185}
{"phase":"prefix","i":72,"prefix":9,"completed":1186}
{"phase":"prefix","i":66,"prefix":13,"completed":1187}
{"phase":"prefix","i":67,"prefix":13,"completed":1188}
{"phase":"prefix","i":69,"prefix":11,"completed":1189}
{"phase":"prefix","i":72,"prefix":10,"completed":1190}
{"phase":"prefix","i":69,"prefix":12,"completed":1191}
{"phase":"prefix","i":66,"prefix":14,"completed":1192}
{"phase":"prefix","i":67,"prefix":14,"completed":1193}
{"phase":"prefix","i":72,"prefix":11,"completed":1194}
{"phase":"prefix","i":69,"prefix":13,"completed":1195}
{"phase":"prefix","i":72,"prefix":12,"completed":1196}
{"phase":"prefix","i":67,"prefix":15,"completed":1197}
{"phase":"prefix","i":66,"prefix":15,"completed":1198}
{"phase":"prefix","i":69,"prefix":14,"completed":1199}
{"phase":"prefix","i":72,"prefix":13,"completed":1200}
{"phase":"prefix","i":67,"prefix":16,"completed":1201}
{"phase":"prefix","i":66,"prefix":16,"completed":1202}
{"phase":"prefix","i":70,"prefix":0,"completed":1203}
{"phase":"prefix","i":71,"prefix":0,"completed":1204}
{"phase":"prefix","i":70,"prefix":1,"completed":1205}
{"phase":"prefix","i":71,"prefix":1,"completed":1206}
{"phase":"prefix","i":70,"prefix":2,"completed":1207}
{"phase":"prefix","i":71,"prefix":2,"completed":1208}
{"phase":"prefix","i":69,"prefix":15,"completed":1209}
{"phase":"prefix","i":71,"prefix":3,"completed":1210}
{"phase":"prefix","i":70,"prefix":3,"completed":1211}
{"phase":"prefix","i":72,"prefix":14,"completed":1212}
{"phase":"prefix","i":71,"prefix":4,"completed":1213}
{"phase":"prefix","i":70,"prefix":4,"completed":1214}
{"phase":"prefix","i":70,"prefix":5,"completed":1215}
{"phase":"prefix","i":71,"prefix":5,"completed":1216}
{"phase":"prefix","i":69,"prefix":16,"completed":1217}
{"phase":"prefix","i":73,"prefix":0,"completed":1218}
{"phase":"prefix","i":73,"prefix":1,"completed":1219}
{"phase":"prefix","i":73,"prefix":2,"completed":1220}
{"phase":"prefix","i":70,"prefix":6,"completed":1221}
{"phase":"prefix","i":71,"prefix":6,"completed":1222}
{"phase":"prefix","i":72,"prefix":15,"completed":1223}
{"phase":"prefix","i":73,"prefix":3,"completed":1224}
{"phase":"prefix","i":70,"prefix":7,"completed":1225}
{"phase":"prefix","i":71,"prefix":7,"completed":1226}
{"phase":"prefix","i":73,"prefix":4,"completed":1227}
{"phase":"prefix","i":73,"prefix":5,"completed":1228}
{"phase":"prefix","i":70,"prefix":8,"completed":1229}
{"phase":"prefix","i":71,"prefix":8,"completed":1230}
{"phase":"prefix","i":72,"prefix":16,"completed":1231}
{"phase":"prefix","i":76,"prefix":0,"completed":1232}
{"phase":"prefix","i":73,"prefix":6,"completed":1233}
{"phase":"prefix","i":76,"prefix":1,"completed":1234}
{"phase":"prefix","i":76,"prefix":2,"completed":1235}
{"phase":"prefix","i":70,"prefix":9,"completed":1236}
{"phase":"prefix","i":71,"prefix":9,"completed":1237}
{"phase":"prefix","i":73,"prefix":7,"completed":1238}
{"phase":"prefix","i":76,"prefix":3,"completed":1239}
{"phase":"prefix","i":76,"prefix":4,"completed":1240}
{"phase":"prefix","i":70,"prefix":10,"completed":1241}
{"phase":"prefix","i":76,"prefix":5,"completed":1242}
{"phase":"prefix","i":73,"prefix":8,"completed":1243}
{"phase":"prefix","i":71,"prefix":10,"completed":1244}
{"phase":"prefix","i":76,"prefix":6,"completed":1245}
{"phase":"prefix","i":73,"prefix":9,"completed":1246}
{"phase":"prefix","i":70,"prefix":11,"completed":1247}
{"phase":"prefix","i":71,"prefix":11,"completed":1248}
{"phase":"prefix","i":76,"prefix":7,"completed":1249}
{"phase":"prefix","i":76,"prefix":8,"completed":1250}
{"phase":"prefix","i":73,"prefix":10,"completed":1251}
{"phase":"prefix","i":70,"prefix":12,"completed":1252}
{"phase":"prefix","i":71,"prefix":12,"completed":1253}
{"phase":"prefix","i":76,"prefix":9,"completed":1254}
{"phase":"prefix","i":73,"prefix":11,"completed":1255}
{"phase":"prefix","i":76,"prefix":10,"completed":1256}
{"phase":"prefix","i":70,"prefix":13,"completed":1257}
{"phase":"prefix","i":71,"prefix":13,"completed":1258}
{"phase":"prefix","i":76,"prefix":11,"completed":1259}
{"phase":"prefix","i":73,"prefix":12,"completed":1260}
{"phase":"prefix","i":70,"prefix":14,"completed":1261}
{"phase":"prefix","i":71,"prefix":14,"completed":1262}
{"phase":"prefix","i":76,"prefix":12,"completed":1263}
{"phase":"prefix","i":73,"prefix":13,"completed":1264}
{"phase":"prefix","i":76,"prefix":13,"completed":1265}
{"phase":"prefix","i":70,"prefix":15,"completed":1266}
{"phase":"prefix","i":71,"prefix":15,"completed":1267}
{"phase":"prefix","i":73,"prefix":14,"completed":1268}
{"phase":"prefix","i":76,"prefix":14,"completed":1269}
{"phase":"prefix","i":70,"prefix":16,"completed":1270}
{"phase":"prefix","i":71,"prefix":16,"completed":1271}
{"phase":"prefix","i":74,"prefix":0,"completed":1272}
{"phase":"prefix","i":75,"prefix":0,"completed":1273}
{"phase":"prefix","i":75,"prefix":1,"completed":1274}
{"phase":"prefix","i":74,"prefix":1,"completed":1275}
{"phase":"prefix","i":73,"prefix":15,"completed":1276}
{"phase":"prefix","i":74,"prefix":2,"completed":1277}
{"phase":"prefix","i":75,"prefix":2,"completed":1278}
{"phase":"prefix","i":76,"prefix":15,"completed":1279}
{"phase":"prefix","i":74,"prefix":3,"completed":1280}
{"phase":"prefix","i":75,"prefix":3,"completed":1281}
{"phase":"prefix","i":74,"prefix":4,"completed":1282}
{"phase":"prefix","i":75,"prefix":4,"completed":1283}
{"phase":"prefix","i":74,"prefix":5,"completed":1284}
{"phase":"prefix","i":75,"prefix":5,"completed":1285}
{"phase":"prefix","i":76,"prefix":16,"completed":1286}
{"phase":"prefix","i":80,"prefix":0,"completed":1287}
{"phase":"prefix","i":73,"prefix":16,"completed":1288}
{"phase":"prefix","i":77,"prefix":0,"completed":1289}
{"phase":"prefix","i":80,"prefix":1,"completed":1290}
{"phase":"prefix","i":77,"prefix":1,"completed":1291}
{"phase":"prefix","i":80,"prefix":2,"completed":1292}
{"phase":"prefix","i":74,"prefix":6,"completed":1293}
{"phase":"prefix","i":75,"prefix":6,"completed":1294}
{"phase":"prefix","i":77,"prefix":2,"completed":1295}
{"phase":"prefix","i":80,"prefix":3,"completed":1296}
{"phase":"prefix","i":77,"prefix":3,"completed":1297}
{"phase":"prefix","i":74,"prefix":7,"completed":1298}
{"phase":"prefix","i":80,"prefix":4,"completed":1299}
{"phase":"prefix","i":75,"prefix":7,"completed":1300}
{"phase":"prefix","i":77,"prefix":4,"completed":1301}
{"phase":"prefix","i":80,"prefix":5,"completed":1302}
{"phase":"prefix","i":77,"prefix":5,"completed":1303}
{"phase":"prefix","i":74,"prefix":8,"completed":1304}
{"phase":"prefix","i":75,"prefix":8,"completed":1305}
{"phase":"prefix","i":80,"prefix":6,"completed":1306}
{"phase":"prefix","i":77,"prefix":6,"completed":1307}
{"phase":"prefix","i":80,"prefix":7,"completed":1308}
{"phase":"prefix","i":74,"prefix":9,"completed":1309}
{"phase":"prefix","i":77,"prefix":7,"completed":1310}
{"phase":"prefix","i":75,"prefix":9,"completed":1311}
{"phase":"prefix","i":80,"prefix":8,"completed":1312}
{"phase":"prefix","i":77,"prefix":8,"completed":1313}
{"phase":"prefix","i":74,"prefix":10,"completed":1314}
{"phase":"prefix","i":75,"prefix":10,"completed":1315}
{"phase":"prefix","i":77,"prefix":9,"completed":1316}
{"phase":"prefix","i":80,"prefix":9,"completed":1317}
{"phase":"prefix","i":74,"prefix":11,"completed":1318}
{"phase":"prefix","i":75,"prefix":11,"completed":1319}
{"phase":"prefix","i":77,"prefix":10,"completed":1320}
{"phase":"prefix","i":80,"prefix":10,"completed":1321}
{"phase":"prefix","i":74,"prefix":12,"completed":1322}
{"phase":"prefix","i":75,"prefix":12,"completed":1323}
{"phase":"prefix","i":77,"prefix":11,"completed":1324}
{"phase":"prefix","i":80,"prefix":11,"completed":1325}
{"phase":"prefix","i":74,"prefix":13,"completed":1326}
{"phase":"prefix","i":75,"prefix":13,"completed":1327}
{"phase":"prefix","i":77,"prefix":12,"completed":1328}
{"phase":"prefix","i":80,"prefix":12,"completed":1329}
{"phase":"prefix","i":77,"prefix":13,"completed":1330}
{"phase":"prefix","i":80,"prefix":13,"completed":1331}
{"phase":"prefix","i":74,"prefix":14,"completed":1332}
{"phase":"prefix","i":75,"prefix":14,"completed":1333}
{"phase":"prefix","i":77,"prefix":14,"completed":1334}
{"phase":"prefix","i":80,"prefix":14,"completed":1335}
{"phase":"prefix","i":75,"prefix":15,"completed":1336}
{"phase":"prefix","i":74,"prefix":15,"completed":1337}
{"phase":"prefix","i":77,"prefix":15,"completed":1338}
{"phase":"prefix","i":80,"prefix":15,"completed":1339}
{"phase":"prefix","i":74,"prefix":16,"completed":1340}
{"phase":"prefix","i":75,"prefix":16,"completed":1341}
{"phase":"prefix","i":78,"prefix":0,"completed":1342}
{"phase":"prefix","i":79,"prefix":0,"completed":1343}
{"phase":"prefix","i":78,"prefix":1,"completed":1344}
{"phase":"prefix","i":79,"prefix":1,"completed":1345}
{"phase":"prefix","i":77,"prefix":16,"completed":1346}
{"phase":"prefix","i":78,"prefix":2,"completed":1347}
{"phase":"prefix","i":79,"prefix":2,"completed":1348}
{"phase":"prefix","i":81,"prefix":0,"completed":1349}
{"phase":"prefix","i":81,"prefix":1,"completed":1350}
{"phase":"prefix","i":79,"prefix":3,"completed":1351}
{"phase":"prefix","i":78,"prefix":3,"completed":1352}
{"phase":"prefix","i":81,"prefix":2,"completed":1353}
{"phase":"prefix","i":79,"prefix":4,"completed":1354}
{"phase":"prefix","i":78,"prefix":4,"completed":1355}
{"phase":"prefix","i":81,"prefix":3,"completed":1356}
{"phase":"prefix","i":80,"prefix":16,"completed":1357}
{"phase":"prefix","i":84,"prefix":0,"completed":1358}
{"phase":"prefix","i":81,"prefix":4,"completed":1359}
{"phase":"prefix","i":84,"prefix":1,"completed":1360}
{"phase":"prefix","i":78,"prefix":5,"completed":1361}
{"phase":"prefix","i":79,"prefix":5,"completed":1362}
{"phase":"prefix","i":84,"prefix":2,"completed":1363}
{"phase":"prefix","i":81,"prefix":5,"completed":1364}
{"phase":"prefix","i":84,"prefix":3,"completed":1365}
{"phase":"prefix","i":78,"prefix":6,"completed":1366}
{"phase":"prefix","i":79,"prefix":6,"completed":1367}
{"phase":"prefix","i":84,"prefix":4,"completed":1368}
{"phase":"prefix","i":81,"prefix":6,"completed":1369}
{"phase":"prefix","i":78,"prefix":7,"completed":1370}
{"phase":"prefix","i":79,"prefix":7,"completed":1371}
{"phase":"prefix","i":84,"prefix":5,"completed":1372}
{"phase":"prefix","i":84,"prefix":6,"completed":1373}
{"phase":"prefix","i":81,"prefix":7,"completed":1374}
{"phase":"prefix","i":79,"prefix":8,"completed":1375}
{"phase":"prefix","i":78,"prefix":8,"completed":1376}
{"phase":"prefix","i":84,"prefix":7,"completed":1377}
{"phase":"prefix","i":81,"prefix":8,"completed":1378}
{"phase":"prefix","i":78,"prefix":9,"completed":1379}
{"phase":"prefix","i":79,"prefix":9,"completed":1380}
{"phase":"prefix","i":84,"prefix":8,"completed":1381}
{"phase":"prefix","i":81,"prefix":9,"completed":1382}
{"phase":"prefix","i":84,"prefix":9,"completed":1383}
{"phase":"prefix","i":78,"prefix":10,"completed":1384}
{"phase":"prefix","i":79,"prefix":10,"completed":1385}
{"phase":"prefix","i":84,"prefix":10,"completed":1386}
{"phase":"prefix","i":81,"prefix":10,"completed":1387}
{"phase":"prefix","i":79,"prefix":11,"completed":1388}
{"phase":"prefix","i":78,"prefix":11,"completed":1389}
{"phase":"prefix","i":84,"prefix":11,"completed":1390}
{"phase":"prefix","i":81,"prefix":11,"completed":1391}
{"phase":"prefix","i":79,"prefix":12,"completed":1392}
{"phase":"prefix","i":78,"prefix":12,"completed":1393}
{"phase":"prefix","i":84,"prefix":12,"completed":1394}
{"phase":"prefix","i":81,"prefix":12,"completed":1395}
{"phase":"prefix","i":79,"prefix":13,"completed":1396}
{"phase":"prefix","i":78,"prefix":13,"completed":1397}
{"phase":"prefix","i":84,"prefix":13,"completed":1398}
{"phase":"prefix","i":81,"prefix":13,"completed":1399}
{"phase":"prefix","i":84,"prefix":14,"completed":1400}
{"phase":"prefix","i":79,"prefix":14,"completed":1401}
{"phase":"prefix","i":78,"prefix":14,"completed":1402}
{"phase":"prefix","i":81,"prefix":14,"completed":1403}
{"phase":"prefix","i":84,"prefix":15,"completed":1404}
{"phase":"prefix","i":78,"prefix":15,"completed":1405}
{"phase":"prefix","i":79,"prefix":15,"completed":1406}
{"phase":"prefix","i":81,"prefix":15,"completed":1407}
{"phase":"prefix","i":84,"prefix":16,"completed":1408}
{"phase":"prefix","i":88,"prefix":0,"completed":1409}
{"phase":"prefix","i":88,"prefix":1,"completed":1410}
{"phase":"prefix","i":88,"prefix":2,"completed":1411}
{"phase":"prefix","i":78,"prefix":16,"completed":1412}
{"phase":"prefix","i":79,"prefix":16,"completed":1413}
{"phase":"prefix","i":82,"prefix":0,"completed":1414}
{"phase":"prefix","i":83,"prefix":0,"completed":1415}
{"phase":"prefix","i":82,"prefix":1,"completed":1416}
{"phase":"prefix","i":88,"prefix":3,"completed":1417}
{"phase":"prefix","i":83,"prefix":1,"completed":1418}
{"phase":"prefix","i":81,"prefix":16,"completed":1419}
{"phase":"prefix","i":83,"prefix":2,"completed":1420}
{"phase":"prefix","i":82,"prefix":2,"completed":1421}
{"phase":"prefix","i":85,"prefix":0,"completed":1422}
{"phase":"prefix","i":88,"prefix":4,"completed":1423}
{"phase":"prefix","i":85,"prefix":1,"completed":1424}
{"phase":"prefix","i":83,"prefix":3,"completed":1425}
{"phase":"prefix","i":82,"prefix":3,"completed":1426}
{"phase":"prefix","i":85,"prefix":2,"completed":1427}
{"phase":"prefix","i":88,"prefix":5,"completed":1428}
{"phase":"prefix","i":85,"prefix":3,"completed":1429}
{"phase":"prefix","i":82,"prefix":4,"completed":1430}
{"phase":"prefix","i":83,"prefix":4,"completed":1431}
{"phase":"prefix","i":88,"prefix":6,"completed":1432}
{"phase":"prefix","i":85,"prefix":4,"completed":1433}
{"phase":"prefix","i":82,"prefix":5,"completed":1434}
{"phase":"prefix","i":83,"prefix":5,"completed":1435}
{"phase":"prefix","i":85,"prefix":5,"completed":1436}
{"phase":"prefix","i":88,"prefix":7,"completed":1437}
{"phase":"prefix","i":82,"prefix":6,"completed":1438}
{"phase":"prefix","i":83,"prefix":6,"completed":1439}
{"phase":"prefix","i":85,"prefix":6,"completed":1440}
{"phase":"prefix","i":82,"prefix":7,"completed":1441}
{"phase":"prefix","i":83,"prefix":7,"completed":1442}
{"phase":"prefix","i":88,"prefix":8,"completed":1443}
{"phase":"prefix","i":85,"prefix":7,"completed":1444}
{"phase":"prefix","i":82,"prefix":8,"completed":1445}
{"phase":"prefix","i":83,"prefix":8,"completed":1446}
{"phase":"prefix","i":85,"prefix":8,"completed":1447}
{"phase":"prefix","i":88,"prefix":9,"completed":1448}
{"phase":"prefix","i":85,"prefix":9,"completed":1449}
{"phase":"prefix","i":83,"prefix":9,"completed":1450}
{"phase":"prefix","i":82,"prefix":9,"completed":1451}
{"phase":"prefix","i":88,"prefix":10,"completed":1452}
{"phase":"prefix","i":85,"prefix":10,"completed":1453}
{"phase":"prefix","i":83,"prefix":10,"completed":1454}
{"phase":"prefix","i":82,"prefix":10,"completed":1455}
{"phase":"prefix","i":88,"prefix":11,"completed":1456}
{"phase":"prefix","i":85,"prefix":11,"completed":1457}
{"phase":"prefix","i":82,"prefix":11,"completed":1458}
{"phase":"prefix","i":83,"prefix":11,"completed":1459}
{"phase":"prefix","i":88,"prefix":12,"completed":1460}
{"phase":"prefix","i":85,"prefix":12,"completed":1461}
{"phase":"prefix","i":83,"prefix":12,"completed":1462}
{"phase":"prefix","i":82,"prefix":12,"completed":1463}
{"phase":"prefix","i":88,"prefix":13,"completed":1464}
{"phase":"prefix","i":85,"prefix":13,"completed":1465}
{"phase":"prefix","i":82,"prefix":13,"completed":1466}
{"phase":"prefix","i":83,"prefix":13,"completed":1467}
{"phase":"prefix","i":88,"prefix":14,"completed":1468}
{"phase":"prefix","i":85,"prefix":14,"completed":1469}
{"phase":"prefix","i":82,"prefix":14,"completed":1470}
{"phase":"prefix","i":83,"prefix":14,"completed":1471}
{"phase":"prefix","i":88,"prefix":15,"completed":1472}
{"phase":"prefix","i":85,"prefix":15,"completed":1473}
{"phase":"prefix","i":82,"prefix":15,"completed":1474}
{"phase":"prefix","i":83,"prefix":15,"completed":1475}
{"phase":"prefix","i":88,"prefix":16,"completed":1476}
{"phase":"prefix","i":92,"prefix":0,"completed":1477}
{"phase":"prefix","i":85,"prefix":16,"completed":1478}
{"phase":"prefix","i":92,"prefix":1,"completed":1479}
{"phase":"prefix","i":89,"prefix":0,"completed":1480}
{"phase":"prefix","i":92,"prefix":2,"completed":1481}
{"phase":"prefix","i":89,"prefix":1,"completed":1482}
{"phase":"prefix","i":89,"prefix":2,"completed":1483}
{"phase":"prefix","i":92,"prefix":3,"completed":1484}
{"phase":"prefix","i":89,"prefix":3,"completed":1485}
{"phase":"prefix","i":92,"prefix":4,"completed":1486}
{"phase":"prefix","i":82,"prefix":16,"completed":1487}
{"phase":"prefix","i":89,"prefix":4,"completed":1488}
{"phase":"prefix","i":83,"prefix":16,"completed":1489}
{"phase":"prefix","i":86,"prefix":0,"completed":1490}
{"phase":"prefix","i":92,"prefix":5,"completed":1491}
{"phase":"prefix","i":87,"prefix":0,"completed":1492}
{"phase":"prefix","i":86,"prefix":1,"completed":1493}
{"phase":"prefix","i":87,"prefix":1,"completed":1494}
{"phase":"prefix","i":86,"prefix":2,"completed":1495}
{"phase":"prefix","i":87,"prefix":2,"completed":1496}
{"phase":"prefix","i":89,"prefix":5,"completed":1497}
{"phase":"prefix","i":92,"prefix":6,"completed":1498}
{"phase":"prefix","i":86,"prefix":3,"completed":1499}
{"phase":"prefix","i":87,"prefix":3,"completed":1500}
{"phase":"prefix","i":92,"prefix":7,"completed":1501}
{"phase":"prefix","i":89,"prefix":6,"completed":1502}
{"phase":"prefix","i":86,"prefix":4,"completed":1503}
{"phase":"prefix","i":87,"prefix":4,"completed":1504}
{"phase":"prefix","i":86,"prefix":5,"completed":1505}
{"phase":"prefix","i":87,"prefix":5,"completed":1506}
{"phase":"prefix","i":92,"prefix":8,"completed":1507}
{"phase":"prefix","i":89,"prefix":7,"completed":1508}
{"phase":"prefix","i":87,"prefix":6,"completed":1509}
{"phase":"prefix","i":86,"prefix":6,"completed":1510}
{"phase":"prefix","i":92,"prefix":9,"completed":1511}
{"phase":"prefix","i":89,"prefix":8,"completed":1512}
{"phase":"prefix","i":86,"prefix":7,"completed":1513}
{"phase":"prefix","i":87,"prefix":7,"completed":1514}
{"phase":"prefix","i":92,"prefix":10,"completed":1515}
{"phase":"prefix","i":89,"prefix":9,"completed":1516}
{"phase":"prefix","i":86,"prefix":8,"completed":1517}
{"phase":"prefix","i":87,"prefix":8,"completed":1518}
{"phase":"prefix","i":92,"prefix":11,"completed":1519}
{"phase":"prefix","i":89,"prefix":10,"completed":1520}
{"phase":"prefix","i":87,"prefix":9,"completed":1521}
{"phase":"prefix","i":86,"prefix":9,"completed":1522}
{"phase":"prefix","i":87,"prefix":10,"completed":1523}
{"phase":"prefix","i":92,"prefix":12,"completed":1524}
{"phase":"prefix","i":86,"prefix":10,"completed":1525}
{"phase":"prefix","i":89,"prefix":11,"completed":1526}
{"phase":"prefix","i":92,"prefix":13,"completed":1527}
{"phase":"prefix","i":87,"prefix":11,"completed":1528}
{"phase":"prefix","i":86,"prefix":11,"completed":1529}
{"phase":"prefix","i":89,"prefix":12,"completed":1530}
{"phase":"prefix","i":92,"prefix":14,"completed":1531}
{"phase":"prefix","i":86,"prefix":12,"completed":1532}
{"phase":"prefix","i":87,"prefix":12,"completed":1533}
{"phase":"prefix","i":89,"prefix":13,"completed":1534}
{"phase":"prefix","i":92,"prefix":15,"completed":1535}
{"phase":"prefix","i":86,"prefix":13,"completed":1536}
{"phase":"prefix","i":87,"prefix":13,"completed":1537}
{"phase":"prefix","i":89,"prefix":14,"completed":1538}
{"phase":"prefix","i":92,"prefix":16,"completed":1539}
{"phase":"prefix","i":86,"prefix":14,"completed":1540}
{"phase":"prefix","i":87,"prefix":14,"completed":1541}
{"phase":"prefix","i":96,"prefix":0,"completed":1542}
{"phase":"prefix","i":89,"prefix":15,"completed":1543}
{"phase":"prefix","i":96,"prefix":1,"completed":1544}
{"phase":"prefix","i":96,"prefix":2,"completed":1545}
{"phase":"prefix","i":96,"prefix":3,"completed":1546}
{"phase":"prefix","i":96,"prefix":4,"completed":1547}
{"phase":"prefix","i":86,"prefix":15,"completed":1548}
{"phase":"prefix","i":87,"prefix":15,"completed":1549}
{"phase":"prefix","i":89,"prefix":16,"completed":1550}
{"phase":"prefix","i":96,"prefix":5,"completed":1551}
{"phase":"prefix","i":93,"prefix":0,"completed":1552}
{"phase":"prefix","i":93,"prefix":1,"completed":1553}
{"phase":"prefix","i":93,"prefix":2,"completed":1554}
{"phase":"prefix","i":96,"prefix":6,"completed":1555}
{"phase":"prefix","i":93,"prefix":3,"completed":1556}
{"phase":"prefix","i":93,"prefix":4,"completed":1557}
{"phase":"prefix","i":96,"prefix":7,"completed":1558}
{"phase":"prefix","i":86,"prefix":16,"completed":1559}
{"phase":"prefix","i":87,"prefix":16,"completed":1560}
{"phase":"prefix","i":93,"prefix":5,"completed":1561}
{"phase":"prefix","i":90,"prefix":0,"completed":1562}
{"phase":"prefix","i":91,"prefix":0,"completed":1563}
{"phase":"prefix","i":90,"prefix":1,"completed":1564}
{"phase":"prefix","i":91,"prefix":1,"completed":1565}
{"phase":"prefix","i":96,"prefix":8,"completed":1566}
{"phase":"prefix","i":90,"prefix":2,"completed":1567}
{"phase":"prefix","i":91,"prefix":2,"completed":1568}
{"phase":"prefix","i":93,"prefix":6,"completed":1569}
{"phase":"prefix","i":90,"prefix":3,"completed":1570}
{"phase":"prefix","i":91,"prefix":3,"completed":1571}
{"phase":"prefix","i":96,"prefix":9,"completed":1572}
{"phase":"prefix","i":90,"prefix":4,"completed":1573}
{"phase":"prefix","i":91,"prefix":4,"completed":1574}
{"phase":"prefix","i":93,"prefix":7,"completed":1575}
{"phase":"prefix","i":90,"prefix":5,"completed":1576}
{"phase":"prefix","i":91,"prefix":5,"completed":1577}
{"phase":"prefix","i":93,"prefix":8,"completed":1578}
{"phase":"prefix","i":96,"prefix":10,"completed":1579}
{"phase":"prefix","i":90,"prefix":6,"completed":1580}
{"phase":"prefix","i":91,"prefix":6,"completed":1581}
{"phase":"prefix","i":93,"prefix":9,"completed":1582}
{"phase":"prefix","i":90,"prefix":7,"completed":1583}
{"phase":"prefix","i":91,"prefix":7,"completed":1584}
{"phase":"prefix","i":96,"prefix":11,"completed":1585}
{"phase":"prefix","i":90,"prefix":8,"completed":1586}
{"phase":"prefix","i":91,"prefix":8,"completed":1587}
{"phase":"prefix","i":93,"prefix":10,"completed":1588}
{"phase":"prefix","i":96,"prefix":12,"completed":1589}
{"phase":"prefix","i":91,"prefix":9,"completed":1590}
{"phase":"prefix","i":90,"prefix":9,"completed":1591}
{"phase":"prefix","i":93,"prefix":11,"completed":1592}
{"phase":"prefix","i":96,"prefix":13,"completed":1593}
{"phase":"prefix","i":90,"prefix":10,"completed":1594}
{"phase":"prefix","i":91,"prefix":10,"completed":1595}
{"phase":"prefix","i":93,"prefix":12,"completed":1596}
{"phase":"prefix","i":90,"prefix":11,"completed":1597}
{"phase":"prefix","i":91,"prefix":11,"completed":1598}
{"phase":"prefix","i":93,"prefix":13,"completed":1599}
{"phase":"prefix","i":96,"prefix":14,"completed":1600}
{"phase":"prefix","i":91,"prefix":12,"completed":1601}
{"phase":"prefix","i":90,"prefix":12,"completed":1602}
{"phase":"prefix","i":93,"prefix":14,"completed":1603}
{"phase":"prefix","i":96,"prefix":15,"completed":1604}
{"phase":"prefix","i":90,"prefix":13,"completed":1605}
{"phase":"prefix","i":91,"prefix":13,"completed":1606}
{"phase":"prefix","i":93,"prefix":15,"completed":1607}
{"phase":"prefix","i":96,"prefix":16,"completed":1608}
{"phase":"prefix","i":100,"prefix":0,"completed":1609}
{"phase":"prefix","i":100,"prefix":1,"completed":1610}
{"phase":"prefix","i":100,"prefix":2,"completed":1611}
{"phase":"prefix","i":93,"prefix":16,"completed":1612}
{"phase":"prefix","i":100,"prefix":3,"completed":1613}
{"phase":"prefix","i":91,"prefix":14,"completed":1614}
{"phase":"prefix","i":90,"prefix":14,"completed":1615}
{"phase":"prefix","i":97,"prefix":0,"completed":1616}
{"phase":"prefix","i":97,"prefix":1,"completed":1617}
{"phase":"prefix","i":100,"prefix":4,"completed":1618}
{"phase":"prefix","i":97,"prefix":2,"completed":1619}
{"phase":"prefix","i":97,"prefix":3,"completed":1620}
{"phase":"prefix","i":100,"prefix":5,"completed":1621}
{"phase":"prefix","i":97,"prefix":4,"completed":1622}
{"phase":"prefix","i":100,"prefix":6,"completed":1623}
{"phase":"prefix","i":90,"prefix":15,"completed":1624}
{"phase":"prefix","i":91,"prefix":15,"completed":1625}
{"phase":"prefix","i":97,"prefix":5,"completed":1626}
{"phase":"prefix","i":100,"prefix":7,"completed":1627}
{"phase":"prefix","i":97,"prefix":6,"completed":1628}
{"phase":"prefix","i":100,"prefix":8,"completed":1629}
{"phase":"prefix","i":90,"prefix":16,"completed":1630}
{"phase":"prefix","i":91,"prefix":16,"completed":1631}
{"phase":"prefix","i":94,"prefix":0,"completed":1632}
{"phase":"prefix","i":97,"prefix":7,"completed":1633}
{"phase":"prefix","i":95,"prefix":0,"completed":1634}
{"phase":"prefix","i":100,"prefix":9,"completed":1635}
{"phase":"prefix","i":94,"prefix":1,"completed":1636}
{"phase":"prefix","i":95,"prefix":1,"completed":1637}
{"phase":"prefix","i":94,"prefix":2,"completed":1638}
{"phase":"prefix","i":95,"prefix":2,"completed":1639}
{"phase":"prefix","i":94,"prefix":3,"completed":1640}
{"phase":"prefix","i":95,"prefix":3,"completed":1641}
{"phase":"prefix","i":97,"prefix":8,"completed":1642}
{"phase":"prefix","i":100,"prefix":10,"completed":1643}
{"phase":"prefix","i":94,"prefix":4,"completed":1644}
{"phase":"prefix","i":95,"prefix":4,"completed":1645}
{"phase":"prefix","i":94,"prefix":5,"completed":1646}
{"phase":"prefix","i":95,"prefix":5,"completed":1647}
{"phase":"prefix","i":97,"prefix":9,"completed":1648}
{"phase":"prefix","i":100,"prefix":11,"completed":1649}
{"phase":"prefix","i":94,"prefix":6,"completed":1650}
{"phase":"prefix","i":95,"prefix":6,"completed":1651}
{"phase":"prefix","i":97,"prefix":10,"completed":1652}
{"phase":"prefix","i":100,"prefix":12,"completed":1653}
{"phase":"prefix","i":95,"prefix":7,"completed":1654}
{"phase":"prefix","i":94,"prefix":7,"completed":1655}
{"phase":"prefix","i":95,"prefix":8,"completed":1656}
{"phase":"prefix","i":94,"prefix":8,"completed":1657}
{"phase":"prefix","i":97,"prefix":11,"completed":1658}
{"phase":"prefix","i":100,"prefix":13,"completed":1659}
{"phase":"prefix","i":95,"prefix":9,"completed":1660}
{"phase":"prefix","i":94,"prefix":9,"completed":1661}
{"phase":"prefix","i":97,"prefix":12,"completed":1662}
{"phase":"prefix","i":100,"prefix":14,"completed":1663}
{"phase":"prefix","i":95,"prefix":10,"completed":1664}
{"phase":"prefix","i":94,"prefix":10,"completed":1665}
{"phase":"prefix","i":97,"prefix":13,"completed":1666}
{"phase":"prefix","i":100,"prefix":15,"completed":1667}
{"phase":"prefix","i":94,"prefix":11,"completed":1668}
{"phase":"prefix","i":95,"prefix":11,"completed":1669}
{"phase":"prefix","i":100,"prefix":16,"completed":1670}
{"phase":"prefix","i":97,"prefix":14,"completed":1671}
{"phase":"prefix","i":104,"prefix":0,"completed":1672}
{"phase":"prefix","i":94,"prefix":12,"completed":1673}
{"phase":"prefix","i":95,"prefix":12,"completed":1674}
{"phase":"prefix","i":104,"prefix":1,"completed":1675}
{"phase":"prefix","i":104,"prefix":2,"completed":1676}
{"phase":"prefix","i":104,"prefix":3,"completed":1677}
{"phase":"prefix","i":104,"prefix":4,"completed":1678}
{"phase":"prefix","i":95,"prefix":13,"completed":1679}
{"phase":"prefix","i":94,"prefix":13,"completed":1680}
{"phase":"prefix","i":104,"prefix":5,"completed":1681}
{"phase":"prefix","i":97,"prefix":15,"completed":1682}
{"phase":"prefix","i":104,"prefix":6,"completed":1683}
{"phase":"prefix","i":94,"prefix":14,"completed":1684}
{"phase":"prefix","i":95,"prefix":14,"completed":1685}
{"phase":"prefix","i":104,"prefix":7,"completed":1686}
{"phase":"prefix","i":97,"prefix":16,"completed":1687}
{"phase":"prefix","i":101,"prefix":0,"completed":1688}
{"phase":"prefix","i":101,"prefix":1,"completed":1689}
{"phase":"prefix","i":104,"prefix":8,"completed":1690}
{"phase":"prefix","i":101,"prefix":2,"completed":1691}
{"phase":"prefix","i":101,"prefix":3,"completed":1692}
{"phase":"prefix","i":101,"prefix":4,"completed":1693}
{"phase":"prefix","i":95,"prefix":15,"completed":1694}
{"phase":"prefix","i":104,"prefix":9,"completed":1695}
{"phase":"prefix","i":94,"prefix":15,"completed":1696}
{"phase":"prefix","i":101,"prefix":5,"completed":1697}
{"phase":"prefix","i":104,"prefix":10,"completed":1698}
{"phase":"prefix","i":101,"prefix":6,"completed":1699}
{"phase":"prefix","i":95,"prefix":16,"completed":1700}
{"phase":"prefix","i":94,"prefix":16,"completed":1701}
{"phase":"prefix","i":101,"prefix":7,"completed":1702}
{"phase":"prefix","i":99,"prefix":0,"completed":1703}
{"phase":"prefix","i":98,"prefix":0,"completed":1704}
{"phase":"prefix","i":98,"prefix":1,"completed":1705}
{"phase":"prefix","i":99,"prefix":1,"completed":1706}
{"phase":"prefix","i":99,"prefix":2,"completed":1707}
{"phase":"prefix","i":98,"prefix":2,"completed":1708}
{"phase":"prefix","i":104,"prefix":11,"completed":1709}
{"phase":"prefix","i":101,"prefix":8,"completed":1710}
{"phase":"prefix","i":99,"prefix":3,"completed":1711}
{"phase":"prefix","i":98,"prefix":3,"completed":1712}
{"phase":"prefix","i":98,"prefix":4,"completed":1713}
{"phase":"prefix","i":99,"prefix":4,"completed":1714}
{"phase":"prefix","i":101,"prefix":9,"completed":1715}
{"phase":"prefix","i":98,"prefix":5,"completed":1716}
{"phase":"prefix","i":104,"prefix":12,"completed":1717}
{"phase":"prefix","i":99,"prefix":5,"completed":1718}
{"phase":"prefix","i":98,"prefix":6,"completed":1719}
{"phase":"prefix","i":99,"prefix":6,"completed":1720}
{"phase":"prefix","i":101,"prefix":10,"completed":1721}
{"phase":"prefix","i":104,"prefix":13,"completed":1722}
{"phase":"prefix","i":98,"prefix":7,"completed":1723}
{"phase":"prefix","i":99,"prefix":7,"completed":1724}
{"phase":"prefix","i":101,"prefix":11,"completed":1725}
{"phase":"prefix","i":99,"prefix":8,"completed":1726}
{"phase":"prefix","i":98,"prefix":8,"completed":1727}
{"phase":"prefix","i":104,"prefix":14,"completed":1728}
{"phase":"prefix","i":101,"prefix":12,"completed":1729}
{"phase":"prefix","i":98,"prefix":9,"completed":1730}
{"phase":"prefix","i":99,"prefix":9,"completed":1731}
{"phase":"prefix","i":101,"prefix":13,"completed":1732}
{"phase":"prefix","i":98,"prefix":10,"completed":1733}
{"phase":"prefix","i":99,"prefix":10,"completed":1734}
{"phase":"prefix","i":104,"prefix":15,"completed":1735}
{"phase":"prefix","i":98,"prefix":11,"completed":1736}
{"phase":"prefix","i":99,"prefix":11,"completed":1737}
{"phase":"prefix","i":101,"prefix":14,"completed":1738}
{"phase":"prefix","i":104,"prefix":16,"completed":1739}
{"phase":"prefix","i":108,"prefix":0,"completed":1740}
{"phase":"prefix","i":108,"prefix":1,"completed":1741}
{"phase":"prefix","i":108,"prefix":2,"completed":1742}
{"phase":"prefix","i":108,"prefix":3,"completed":1743}
{"phase":"prefix","i":98,"prefix":12,"completed":1744}
{"phase":"prefix","i":99,"prefix":12,"completed":1745}
{"phase":"prefix","i":101,"prefix":15,"completed":1746}
{"phase":"prefix","i":108,"prefix":4,"completed":1747}
{"phase":"prefix","i":108,"prefix":5,"completed":1748}
{"phase":"prefix","i":108,"prefix":6,"completed":1749}
{"phase":"prefix","i":98,"prefix":13,"completed":1750}
{"phase":"prefix","i":99,"prefix":13,"completed":1751}
{"phase":"prefix","i":101,"prefix":16,"completed":1752}
{"phase":"prefix","i":105,"prefix":0,"completed":1753}
{"phase":"prefix","i":108,"prefix":7,"completed":1754}
{"phase":"prefix","i":105,"prefix":1,"completed":1755}
{"phase":"prefix","i":105,"prefix":2,"completed":1756}
{"phase":"prefix","i":105,"prefix":3,"completed":1757}
{"phase":"prefix","i":108,"prefix":8,"completed":1758}
{"phase":"prefix","i":99,"prefix":14,"completed":1759}
{"phase":"prefix","i":98,"prefix":14,"completed":1760}
{"phase":"prefix","i":105,"prefix":4,"completed":1761}
{"phase":"prefix","i":105,"prefix":5,"completed":1762}
{"phase":"prefix","i":108,"prefix":9,"completed":1763}
{"phase":"prefix","i":105,"prefix":6,"completed":1764}
{"phase":"prefix","i":99,"prefix":15,"completed":1765}
{"phase":"prefix","i":98,"prefix":15,"completed":1766}
{"phase":"prefix","i":108,"prefix":10,"completed":1767}
{"phase":"prefix","i":105,"prefix":7,"completed":1768}
{"phase":"prefix","i":108,"prefix":11,"completed":1769}
{"phase":"prefix","i":105,"prefix":8,"completed":1770}
{"phase":"prefix","i":99,"prefix":16,"completed":1771}
{"phase":"prefix","i":98,"prefix":16,"completed":1772}
{"phase":"prefix","i":102,"prefix":0,"completed":1773}
{"phase":"prefix","i":103,"prefix":0,"completed":1774}
{"phase":"prefix","i":102,"prefix":1,"completed":1775}
{"phase":"prefix","i":103,"prefix":1,"completed":1776}
{"phase":"prefix","i":108,"prefix":12,"completed":1777}
{"phase":"prefix","i":102,"prefix":2,"completed":1778}
{"phase":"prefix","i":103,"prefix":2,"completed":1779}
{"phase":"prefix","i":105,"prefix":9,"completed":1780}
{"phase":"prefix","i":102,"prefix":3,"completed":1781}
{"phase":"prefix","i":103,"prefix":3,"completed":1782}
{"phase":"prefix","i":102,"prefix":4,"completed":1783}
{"phase":"prefix","i":103,"prefix":4,"completed":1784}
{"phase":"prefix","i":108,"prefix":13,"completed":1785}
{"phase":"prefix","i":105,"prefix":10,"completed":1786}
{"phase":"prefix","i":103,"prefix":5,"completed":1787}
{"phase":"prefix","i":102,"prefix":5,"completed":1788}
{"phase":"prefix","i":103,"prefix":6,"completed":1789}
{"phase":"prefix","i":102,"prefix":6,"completed":1790}
{"phase":"prefix","i":108,"prefix":14,"completed":1791}
{"phase":"prefix","i":105,"prefix":11,"completed":1792}
{"phase":"prefix","i":102,"prefix":7,"completed":1793}
{"phase":"prefix","i":103,"prefix":7,"completed":1794}
{"phase":"prefix","i":108,"prefix":15,"completed":1795}
{"phase":"prefix","i":102,"prefix":8,"completed":1796}
{"phase":"prefix","i":103,"prefix":8,"completed":1797}
{"phase":"prefix","i":105,"prefix":12,"completed":1798}
{"phase":"prefix","i":102,"prefix":9,"completed":1799}
{"phase":"prefix","i":103,"prefix":9,"completed":1800}
{"phase":"prefix","i":108,"prefix":16,"completed":1801}
{"phase":"prefix","i":112,"prefix":0,"completed":1802}
{"phase":"prefix","i":105,"prefix":13,"completed":1803}
{"phase":"prefix","i":112,"prefix":1,"completed":1804}
{"phase":"prefix","i":112,"prefix":2,"completed":1805}
{"phase":"prefix","i":103,"prefix":10,"completed":1806}
{"phase":"prefix","i":102,"prefix":10,"completed":1807}
{"phase":"prefix","i":112,"prefix":3,"completed":1808}
{"phase":"prefix","i":112,"prefix":4,"completed":1809}
{"phase":"prefix","i":105,"prefix":14,"completed":1810}
{"phase":"prefix","i":112,"prefix":5,"completed":1811}
{"phase":"prefix","i":102,"prefix":11,"completed":1812}
{"phase":"prefix","i":103,"prefix":11,"completed":1813}
{"phase":"prefix","i":112,"prefix":6,"completed":1814}
{"phase":"prefix","i":112,"prefix":7,"completed":1815}
{"phase":"prefix","i":102,"prefix":12,"completed":1816}
{"phase":"prefix","i":103,"prefix":12,"completed":1817}
{"phase":"prefix","i":105,"prefix":15,"completed":1818}
{"phase":"prefix","i":112,"prefix":8,"completed":1819}
{"phase":"prefix","i":102,"prefix":13,"completed":1820}
{"phase":"prefix","i":103,"prefix":13,"completed":1821}
{"phase":"prefix","i":105,"prefix":16,"completed":1822}
{"phase":"prefix","i":112,"prefix":9,"completed":1823}
{"phase":"prefix","i":109,"prefix":0,"completed":1824}
{"phase":"prefix","i":109,"prefix":1,"completed":1825}
{"phase":"prefix","i":109,"prefix":2,"completed":1826}
{"phase":"prefix","i":109,"prefix":3,"completed":1827}
{"phase":"prefix","i":112,"prefix":10,"completed":1828}
{"phase":"prefix","i":109,"prefix":4,"completed":1829}
{"phase":"prefix","i":102,"prefix":14,"completed":1830}
{"phase":"prefix","i":103,"prefix":14,"completed":1831}
{"phase":"prefix","i":109,"prefix":5,"completed":1832}
{"phase":"prefix","i":112,"prefix":11,"completed":1833}
{"phase":"prefix","i":109,"prefix":6,"completed":1834}
{"phase":"prefix","i":102,"prefix":15,"completed":1835}
{"phase":"prefix","i":109,"prefix":7,"completed":1836}
{"phase":"prefix","i":103,"prefix":15,"completed":1837}
{"phase":"prefix","i":112,"prefix":12,"completed":1838}
{"phase":"prefix","i":109,"prefix":8,"completed":1839}
{"phase":"prefix","i":102,"prefix":16,"completed":1840}
{"phase":"prefix","i":109,"prefix":9,"completed":1841}
{"phase":"prefix","i":103,"prefix":16,"completed":1842}
{"phase":"prefix","i":106,"prefix":0,"completed":1843}
{"phase":"prefix","i":107,"prefix":0,"completed":1844}
{"phase":"prefix","i":112,"prefix":13,"completed":1845}
{"phase":"prefix","i":107,"prefix":1,"completed":1846}
{"phase":"prefix","i":106,"prefix":1,"completed":1847}
{"phase":"prefix","i":106,"prefix":2,"completed":1848}
{"phase":"prefix","i":107,"prefix":2,"completed":1849}
{"phase":"prefix","i":107,"prefix":3,"completed":1850}
{"phase":"prefix","i":106,"prefix":3,"completed":1851}
{"phase":"prefix","i":109,"prefix":10,"completed":1852}
{"phase":"prefix","i":107,"prefix":4,"completed":1853}
{"phase":"prefix","i":106,"prefix":4,"completed":1854}
{"phase":"prefix","i":112,"prefix":14,"completed":1855}
{"phase":"prefix","i":106,"prefix":5,"completed":1856}
{"phase":"prefix","i":107,"prefix":5,"completed":1857}
{"phase":"prefix","i":109,"prefix":11,"completed":1858}
{"phase":"prefix","i":106,"prefix":6,"completed":1859}
{"phase":"prefix","i":107,"prefix":6,"completed":1860}
{"phase":"prefix","i":109,"prefix":12,"completed":1861}
{"phase":"prefix","i":112,"prefix":15,"completed":1862}
{"phase":"prefix","i":106,"prefix":7,"completed":1863}
{"phase":"prefix","i":107,"prefix":7,"completed":1864}
{"phase":"prefix","i":106,"prefix":8,"completed":1865}
{"phase":"prefix","i":107,"prefix":8,"completed":1866}
{"phase":"prefix","i":109,"prefix":13,"completed":1867}
{"phase":"prefix","i":112,"prefix":16,"completed":1868}
{"phase":"prefix","i":116,"prefix":0,"completed":1869}
{"phase":"prefix","i":116,"prefix":1,"completed":1870}
{"phase":"prefix","i":106,"prefix":9,"completed":1871}
{"phase":"prefix","i":107,"prefix":9,"completed":1872}
{"phase":"prefix","i":116,"prefix":2,"completed":1873}
{"phase":"prefix","i":109,"prefix":14,"completed":1874}
{"phase":"prefix","i":116,"prefix":3,"completed":1875}
{"phase":"prefix","i":116,"prefix":4,"completed":1876}
{"phase":"prefix","i":106,"prefix":10,"completed":1877}
{"phase":"prefix","i":107,"prefix":10,"completed":1878}
{"phase":"prefix","i":116,"prefix":5,"completed":1879}
{"phase":"prefix","i":109,"prefix":15,"completed":1880}
{"phase":"prefix","i":116,"prefix":6,"completed":1881}
{"phase":"prefix","i":106,"prefix":11,"completed":1882}
{"phase":"prefix","i":107,"prefix":11,"completed":1883}
{"phase":"prefix","i":116,"prefix":7,"completed":1884}
{"phase":"prefix","i":109,"prefix":16,"completed":1885}
{"phase":"prefix","i":113,"prefix":0,"completed":1886}
{"phase":"prefix","i":113,"prefix":1,"completed":1887}
{"phase":"prefix","i":116,"prefix":8,"completed":1888}
{"phase":"prefix","i":106,"prefix":12,"completed":1889}
{"phase":"prefix","i":113,"prefix":2,"completed":1890}
{"phase":"prefix","i":107,"prefix":12,"completed":1891}
{"phase":"prefix","i":113,"prefix":3,"completed":1892}
{"phase":"prefix","i":116,"prefix":9,"completed":1893}
{"phase":"prefix","i":113,"prefix":4,"completed":1894}
{"phase":"prefix","i":106,"prefix":13,"completed":1895}
{"phase":"prefix","i":107,"prefix":13,"completed":1896}
{"phase":"prefix","i":113,"prefix":5,"completed":1897}
{"phase":"prefix","i":116,"prefix":10,"completed":1898}
{"phase":"prefix","i":113,"prefix":6,"completed":1899}
{"phase":"prefix","i":116,"prefix":11,"completed":1900}
{"phase":"prefix","i":113,"prefix":7,"completed":1901}
{"phase":"prefix","i":106,"prefix":14,"completed":1902}
{"phase":"prefix","i":107,"prefix":14,"completed":1903}
{"phase":"prefix","i":116,"prefix":12,"completed":1904}
{"phase":"prefix","i":113,"prefix":8,"completed":1905}
{"phase":"prefix","i":106,"prefix":15,"completed":1906}
{"phase":"prefix","i":107,"prefix":15,"completed":1907}
{"phase":"prefix","i":116,"prefix":13,"completed":1908}
{"phase":"prefix","i":113,"prefix":9,"completed":1909}
{"phase":"prefix","i":113,"prefix":10,"completed":1910}
{"phase":"prefix","i":116,"prefix":14,"completed":1911}
{"phase":"prefix","i":106,"prefix":16,"completed":1912}
{"phase":"prefix","i":107,"prefix":16,"completed":1913}
{"phase":"prefix","i":110,"prefix":0,"completed":1914}
{"phase":"prefix","i":111,"prefix":0,"completed":1915}
{"phase":"prefix","i":111,"prefix":1,"completed":1916}
{"phase":"prefix","i":110,"prefix":1,"completed":1917}
{"phase":"prefix","i":111,"prefix":2,"completed":1918}
{"phase":"prefix","i":110,"prefix":2,"completed":1919}
{"phase":"prefix","i":113,"prefix":11,"completed":1920}
{"phase":"prefix","i":110,"prefix":3,"completed":1921}
{"phase":"prefix","i":111,"prefix":3,"completed":1922}
{"phase":"prefix","i":116,"prefix":15,"completed":1923}
{"phase":"prefix","i":110,"prefix":4,"completed":1924}
{"phase":"prefix","i":111,"prefix":4,"completed":1925}
{"phase":"prefix","i":110,"prefix":5,"completed":1926}
{"phase":"prefix","i":111,"prefix":5,"completed":1927}
{"phase":"prefix","i":113,"prefix":12,"completed":1928}
{"phase":"prefix","i":110,"prefix":6,"completed":1929}
{"phase":"prefix","i":111,"prefix":6,"completed":1930}
{"phase":"prefix","i":116,"prefix":16,"completed":1931}
{"phase":"prefix","i":111,"prefix":7,"completed":1932}
{"phase":"prefix","i":110,"prefix":7,"completed":1933}
{"phase":"prefix","i":113,"prefix":13,"completed":1934}
{"phase":"prefix","i":110,"prefix":8,"completed":1935}
{"phase":"prefix","i":111,"prefix":8,"completed":1936}
{"phase":"prefix","i":113,"prefix":14,"completed":1937}
{"phase":"prefix","i":110,"prefix":9,"completed":1938}
{"phase":"prefix","i":111,"prefix":9,"completed":1939}
{"phase":"prefix","i":110,"prefix":10,"completed":1940}
{"phase":"prefix","i":111,"prefix":10,"completed":1941}
{"phase":"prefix","i":113,"prefix":15,"completed":1942}
{"phase":"prefix","i":110,"prefix":11,"completed":1943}
{"phase":"prefix","i":111,"prefix":11,"completed":1944}
{"phase":"prefix","i":113,"prefix":16,"completed":1945}
{"phase":"prefix","i":117,"prefix":0,"completed":1946}
{"phase":"prefix","i":117,"prefix":1,"completed":1947}
{"phase":"prefix","i":110,"prefix":12,"completed":1948}
{"phase":"prefix","i":111,"prefix":12,"completed":1949}
{"phase":"prefix","i":117,"prefix":2,"completed":1950}
{"phase":"prefix","i":117,"prefix":3,"completed":1951}
{"phase":"prefix","i":117,"prefix":4,"completed":1952}
{"phase":"prefix","i":117,"prefix":5,"completed":1953}
{"phase":"prefix","i":110,"prefix":13,"completed":1954}
{"phase":"prefix","i":111,"prefix":13,"completed":1955}
{"phase":"prefix","i":117,"prefix":6,"completed":1956}
{"phase":"prefix","i":117,"prefix":7,"completed":1957}
{"phase":"prefix","i":111,"prefix":14,"completed":1958}
{"phase":"prefix","i":110,"prefix":14,"completed":1959}
{"phase":"prefix","i":117,"prefix":8,"completed":1960}
{"phase":"prefix","i":117,"prefix":9,"completed":1961}
{"phase":"prefix","i":110,"prefix":15,"completed":1962}
{"phase":"prefix","i":111,"prefix":15,"completed":1963}
{"phase":"prefix","i":117,"prefix":10,"completed":1964}
{"phase":"prefix","i":117,"prefix":11,"completed":1965}
{"phase":"prefix","i":110,"prefix":16,"completed":1966}
{"phase":"prefix","i":111,"prefix":16,"completed":1967}
{"phase":"prefix","i":114,"prefix":0,"completed":1968}
{"phase":"prefix","i":115,"prefix":0,"completed":1969}
{"phase":"prefix","i":114,"prefix":1,"completed":1970}
{"phase":"prefix","i":115,"prefix":1,"completed":1971}
{"phase":"prefix","i":114,"prefix":2,"completed":1972}
{"phase":"prefix","i":115,"prefix":2,"completed":1973}
{"phase":"prefix","i":114,"prefix":3,"completed":1974}
{"phase":"prefix","i":115,"prefix":3,"completed":1975}
{"phase":"prefix","i":117,"prefix":12,"completed":1976}
{"phase":"prefix","i":114,"prefix":4,"completed":1977}
{"phase":"prefix","i":115,"prefix":4,"completed":1978}
{"phase":"prefix","i":114,"prefix":5,"completed":1979}
{"phase":"prefix","i":115,"prefix":5,"completed":1980}
{"phase":"prefix","i":117,"prefix":13,"completed":1981}
{"phase":"prefix","i":114,"prefix":6,"completed":1982}
{"phase":"prefix","i":115,"prefix":6,"completed":1983}
{"phase":"prefix","i":115,"prefix":7,"completed":1984}
{"phase":"prefix","i":114,"prefix":7,"completed":1985}
{"phase":"prefix","i":117,"prefix":14,"completed":1986}
{"phase":"prefix","i":115,"prefix":8,"completed":1987}
{"phase":"prefix","i":114,"prefix":8,"completed":1988}
{"phase":"prefix","i":114,"prefix":9,"completed":1989}
{"phase":"prefix","i":115,"prefix":9,"completed":1990}
{"phase":"prefix","i":117,"prefix":15,"completed":1991}
{"phase":"prefix","i":114,"prefix":10,"completed":1992}
{"phase":"prefix","i":115,"prefix":10,"completed":1993}
{"phase":"prefix","i":117,"prefix":16,"completed":1994}
{"phase":"prefix","i":115,"prefix":11,"completed":1995}
{"phase":"prefix","i":114,"prefix":11,"completed":1996}
{"phase":"prefix","i":115,"prefix":12,"completed":1997}
{"phase":"prefix","i":114,"prefix":12,"completed":1998}
{"phase":"prefix","i":115,"prefix":13,"completed":1999}
{"phase":"prefix","i":114,"prefix":13,"completed":2000}
{"phase":"prefix","i":115,"prefix":14,"completed":2001}
{"phase":"prefix","i":114,"prefix":14,"completed":2002}
{"phase":"prefix","i":114,"prefix":15,"completed":2003}
{"phase":"prefix","i":115,"prefix":15,"completed":2004}
{"phase":"prefix","i":114,"prefix":16,"completed":2005}
{"phase":"prefix","i":115,"prefix":16,"completed":2006}
{"phase":"prefix","i":118,"prefix":0,"completed":2007}
{"phase":"prefix","i":119,"prefix":0,"completed":2008}
{"phase":"prefix","i":118,"prefix":1,"completed":2009}
{"phase":"prefix","i":119,"prefix":1,"completed":2010}
{"phase":"prefix","i":118,"prefix":2,"completed":2011}
{"phase":"prefix","i":119,"prefix":2,"completed":2012}
{"phase":"prefix","i":118,"prefix":3,"completed":2013}
{"phase":"prefix","i":119,"prefix":3,"completed":2014}
{"phase":"prefix","i":118,"prefix":4,"completed":2015}
{"phase":"prefix","i":119,"prefix":4,"completed":2016}
{"phase":"prefix","i":118,"prefix":5,"completed":2017}
{"phase":"prefix","i":119,"prefix":5,"completed":2018}
{"phase":"prefix","i":118,"prefix":6,"completed":2019}
{"phase":"prefix","i":119,"prefix":6,"completed":2020}
{"phase":"prefix","i":118,"prefix":7,"completed":2021}
{"phase":"prefix","i":119,"prefix":7,"completed":2022}
{"phase":"prefix","i":118,"prefix":8,"completed":2023}
{"phase":"prefix","i":119,"prefix":8,"completed":2024}
{"phase":"prefix","i":119,"prefix":9,"completed":2025}
{"phase":"prefix","i":118,"prefix":9,"completed":2026}
{"phase":"prefix","i":119,"prefix":10,"completed":2027}
{"phase":"prefix","i":118,"prefix":10,"completed":2028}
{"phase":"prefix","i":119,"prefix":11,"completed":2029}
{"phase":"prefix","i":118,"prefix":11,"completed":2030}
{"phase":"prefix","i":118,"prefix":12,"completed":2031}
{"phase":"prefix","i":119,"prefix":12,"completed":2032}
{"phase":"prefix","i":118,"prefix":13,"completed":2033}
{"phase":"prefix","i":119,"prefix":13,"completed":2034}
{"phase":"prefix","i":118,"prefix":14,"completed":2035}
{"phase":"prefix","i":119,"prefix":14,"completed":2036}
{"phase":"prefix","i":118,"prefix":15,"completed":2037}
{"phase":"prefix","i":119,"prefix":15,"completed":2038}
{"phase":"prefix","i":118,"prefix":16,"completed":2039}
{"phase":"prefix","i":119,"prefix":16,"completed":2040}
Completed replay; existing verified receipts reused, new receipts=2040.
2026-10-03T18:31:29.655Z START scripts/check-longitudinal-goal-matrix.mjs --write
{"status":"COMPLETE MATRIX PASS","runs":120,"prefixes":2040,"fineProbabilityContrasts":18,"fineActionContrasts":14,"coarseProbabilityContrasts":0}
2026-10-03T18:31:55.162Z COMPLETE: frozen matrix and all joined-prefix successors verified; scientific verdict/bookkeeping still requires review.
